ERROR;DATA;ROW
TwoGrades;SR000008;ICE1-8305;2.500000
TwoGrades;SR000011;P1-1060;8.600000
TwoGrades;SR000018;P1-1010;0.300000
TwoGrades;SR000018;P1-1020;0.300000
TwoGrades;SR000018;P1-1030;9.300000
TwoGrades;SR000018;P1-1050;8.600000
TwoGrades;SR000018;P1-2060;0.300000
TwoGrades;SR000021;P1-2030;8.600000
TwoGrades;SR000021;P1-2030;8.600000
TwoGrades;SR000021;P1-2030;8.600000
TwoGrades;SR000021;P1-3040;8.600000
TwoGrades;SR000021;P1-5040;8.600000
TwoGrades;SR000028;P1-1020;8.600000
TwoGrades;SR000028;P1-1030;2.000000
TwoGrades;SR000028;P1-1060;6.800000
TwoGrades;SR000028;P1-2020;8.600000
TwoGrades;SR000028;P1-3040;8.600000
TwoGrades;SR000028;P1-3050;6.800000
TwoGrades;SR000028;P1-4030;6.800000
TwoGrades;SR000030;P1-1030;7.500000
TwoGrades;SR000034;P1-6020;3.700000
TwoGrades;SR000036;P1-4050;3.400000
TwoGrades;SR000037;P1-3040;5.400000
TwoGrades;SR000037;P1-4030;1.100000
TwoGrades;SR000037;P1-5120;8.600000
TwoGrades;SR000039;P1-3010;7.500000
TwoGrades;SR000039;P1-3040;6.800000
TwoGrades;SR000039;P1-4020;8.600000
TwoGrades;SR000039;P1-5040;3.400000
TwoGrades;SR000039;P1-6010;1.800000
TwoGrades;SR000043;P1-3010;3.400000
TwoGrades;SR000043;P1-4030;8.600000
TwoGrades;SR000044;P1-1030;0.400000
TwoGrades;SR000044;P1-1050;8.600000
TwoGrades;SR000045;P1-2020;0.300000
TwoGrades;SR000049;P1-1030;0.400000
TwoGrades;SR000058;P1-1060;9.000000
TwoGrades;SR000058;P1-6220;10.000000
UnknownCourse;P1-8020;1205
UnknownCourse;P1-8020;1206
UnknownCourse;P1-8020;1207
TwoGrades;SR000058;P1-9315;7.500000
TwoGrades;SR000058;P1-9340;8.600000
TwoGrades;SR000058;P1-9350;10.000000
TwoGrades;SR000060;P1-1060;4.200000
TwoGrades;SR000060;P1-2060;6.800000
TwoGrades;SR000060;P1-3010;0.300000
TwoGrades;SR000060;P1-3010;1.100000
TwoGrades;SR000060;P1-5040;4.700000
TwoGrades;SR000060;P1-5320;1.800000
TwoGrades;SR000060;P1-5320;1.800000
TwoGrades;SR000060;P1-6010;9.300000
TwoGrades;SR000060;P1-6020;8.100000
TwoGrades;SR000060;P1-9220;3.500000
TwoGrades;SR000060;P1-9220;0.300000
TwoGrades;SR000061;P1-3020;1.800000
TwoGrades;SR000061;P1-9170;3.600000
TwoGrades;SR000062;P1-1050;8.600000
TwoGrades;SR000065;P1-1060;1.100000
TwoGrades;SR000065;P1-3010;1.600000
TwoGrades;SR000066;P1-1010;6.800000
TwoGrades;SR000066;P1-1020;0.300000
TwoGrades;SR000066;P1-2010;0.800000
TwoGrades;SR000066;P1-2020;6.800000
TwoGrades;SR000067;P1-5030;7.500000
TwoGrades;SR000067;P1-6110;2.000000
TwoGrades;SR000067;P1-6110;2.000000
TwoGrades;SR000070;P1-3020;8.600000
TwoGrades;SR000071;P1-3010;6.100000
TwoGrades;SR000071;P1-4050;6.800000
TwoGrades;SR000071;P1-6010;1.600000
TwoGrades;SR000073;P1-4040;3.400000
TwoGrades;SR000073;P1-4040;3.400000
TwoGrades;SR000076;P1-1060;8.600000
UnknownCourse;P1-8020;1902
UnknownCourse;P1-8020;1903
TwoGrades;SR000076;P1-9135;1.800000
TwoGrades;SR000076;P1-9225;0.200000
TwoGrades;SR000080;P1-1050;3.400000
TwoGrades;SR000081;P1-1010;8.600000
TwoGrades;SR000081;P1-1030;6.800000
TwoGrades;SR000081;P1-2010;3.400000
TwoGrades;SR000082;P1-1030;1.100000
TwoGrades;SR000083;P1-1030;1.100000
UnknownCourse;P1-8020;2154
UnknownCourse;P1-8020;2155
TwoGrades;SR000088;P1-4020;8.600000
TwoGrades;SR000088;P1-4030;3.400000
TwoGrades;SR000088;P1-5030;5.400000
TwoGrades;SR000088;P1-6010;0.300000
TwoGrades;SR000088;P1-9160;4.700000
TwoGrades;SR000088;P1-9170;4.700000
TwoGrades;SR000088;P1-9310;0.300000
TwoGrades;SR000088;P1-9310;3.400000
TwoGrades;SR000088;P1-9340;3.400000
TwoGrades;SR000088;P1-9340;8.400000
TwoGrades;SR000089;P1-3050;1.800000
TwoGrades;SR000091;P1-1010;0.300000
TwoGrades;SR000091;P1-2020;7.500000
TwoGrades;SR000094;P1-1030;6.200000
TwoGrades;SR000096;P1-1050;7.500000
TwoGrades;SR000097;P1-2010;3.400000
TwoGrades;SR000097;P1-2060;8.600000
TwoGrades;SR000101;P1-1030;3.200000
TwoGrades;SR000101;P1-3010;8.600000
TwoGrades;SR000101;P1-4030;6.800000
TwoGrades;SR000102;P1-4020;4.700000
TwoGrades;SR000102;P1-9325;3.400000
TwoGrades;SR000103;P1-6020;9.500000
TwoGrades;SR000108;P1-6310;2.500000
TwoGrades;SR000110;P1-2020;8.600000
TwoGrades;SR000110;P1-3040;4.700000
TwoGrades;SR000110;P1-3050;3.600000
TwoGrades;SR000112;P1-5030;4.700000
TwoGrades;SR000113;P1-1010;8.600000
TwoGrades;SR000113;P1-3010;8.600000
TwoGrades;SR000113;P1-5010;9.300000
TwoGrades;SR000113;P1-5020;6.800000
TwoGrades;SR000113;P1-5040;8.600000
TwoGrades;SR000118;P1-2010;0.300000
TwoGrades;SR000118;P1-2010;0.300000
TwoGrades;SR000118;P1-2010;0.300000
TwoGrades;SR000118;P1-2010;0.300000
TwoGrades;SR000122;P1-1010;8.600000
TwoGrades;SR000122;P1-3050;6.800000
TwoGrades;SR000122;P1-9255;6.100000
TwoGrades;SR000128;P1-9350;7.600000
TwoGrades;SR000130;P1-2010;8.600000
TwoGrades;SR000130;P1-2020;0.300000
TwoGrades;SR000138;P1-1030;7.500000
UnknownCourse;P1-8010;3344
TwoGrades;SR000145;P1-1020;10.000000
TwoGrades;SR000145;P1-1030;8.600000
TwoGrades;SR000149;P1-2050;3.400000
TwoGrades;SR000149;P1-2060;8.600000
TwoGrades;SR000151;P1-3020;8.600000
TwoGrades;SR000156;P1-5030;5.400000
TwoGrades;SR000158;P1-3020;7.500000
TwoGrades;SR000158;P1-5030;6.800000
TwoGrades;SR000158;P1-5040;6.800000
TwoGrades;SR000158;P1-9115;8.600000
TwoGrades;SR000164;P1-1030;6.200000
TwoGrades;SR000167;P1-1010;6.800000
TwoGrades;SR000167;P1-1050;3.400000
TwoGrades;SR000167;P1-2010;8.600000
TwoGrades;SR000168;P1-1030;3.900000
TwoGrades;SR000169;P1-4020;8.600000
TwoGrades;SR000169;P1-4030;8.600000
TwoGrades;SR000169;P1-5210;7.600000
TwoGrades;SR000170;P1-1050;8.600000
TwoGrades;SR000171;P1-1010;0.300000
TwoGrades;SR000171;P1-1020;8.600000
TwoGrades;SR000171;P1-1030;4.300000
TwoGrades;SR000171;P1-2010;6.800000
TwoGrades;SR000173;P1-1010;8.600000
TwoGrades;SR000173;P1-1050;8.600000
TwoGrades;SR000173;P1-1060;3.400000
TwoGrades;SR000176;P1-3020;3.400000
TwoGrades;SR000177;P1-2060;3.400000
TwoGrades;SR000177;P1-3020;1.400000
TwoGrades;SR000177;P1-5010;3.200000
TwoGrades;SR000177;P1-5040;4.700000
TwoGrades;SR000177;P1-5110;10.000000
TwoGrades;SR000192;P1-4020;1.100000
TwoGrades;SR000197;P1-1010;0.300000
TwoGrades;SR000197;P1-2020;8.600000
TwoGrades;SR000197;P1-3050;6.800000
TwoGrades;SR000197;P1-4020;6.800000
TwoGrades;SR000197;P1-4050;8.600000
TwoGrades;SR000197;P1-9210;4.700000
TwoGrades;SR000198;P1-1030;9.600000
TwoGrades;SR000198;P1-1050;3.400000
TwoGrades;SR000198;P1-2050;8.600000
TwoGrades;SR000199;P1-1060;7.500000
TwoGrades;SR000199;P1-1060;9.500000
TwoGrades;SR000199;P1-2020;8.600000
TwoGrades;SR000205;P1-2010;1.100000
TwoGrades;SR000209;P1-1020;3.400000
TwoGrades;SR000209;P1-1030;3.700000
TwoGrades;SR000209;P1-2010;3.400000
TwoGrades;SR000214;P1-3050;6.800000
TwoGrades;SR000217;P1-3040;0.400000
TwoGrades;SR000217;P1-4050;6.800000
TwoGrades;SR000221;P1-5110;6.800000
TwoGrades;SR000223;P1-5020;4.700000
TwoGrades;SR000225;P1-1020;6.800000
TwoGrades;SR000225;P1-1030;5.400000
TwoGrades;SR000225;P1-1050;8.600000
TwoGrades;SR000225;P1-2060;6.800000
TwoGrades;SR000230;P1-4050;6.800000
TwoGrades;SR000230;P1-5030;9.400000
TwoGrades;SR000232;P1-6010;5.400000
TwoGrades;SR000232;P1-6020;4.000000
TwoGrades;SR000233;P1-9115;0.300000
TwoGrades;SR000236;P1-1020;8.600000
TwoGrades;SR000236;P1-1030;8.600000
TwoGrades;SR000236;P1-1060;1.100000
TwoGrades;SR000236;P1-2010;6.800000
TwoGrades;SR000236;P1-2020;8.600000
TwoGrades;SR000236;P1-2060;6.800000
TwoGrades;SR000238;P1-1050;3.400000
TwoGrades;SR000238;P1-6010;4.100000
TwoGrades;SR000238;P1-6310;6.800000
TwoGrades;SR000239;P1-3010;3.700000
UnknownCourse;P1-8020;5130
UnknownCourse;P1-8020;5131
TwoGrades;SR000250;P1-4030;6.800000
TwoGrades;SR000252;P1-1010;7.500000
TwoGrades;SR000252;P1-1020;8.600000
TwoGrades;SR000252;P1-1030;1.100000
TwoGrades;SR000252;P1-1060;3.500000
TwoGrades;SR000252;P1-2010;7.500000
TwoGrades;SR000252;P1-2020;8.600000
TwoGrades;SR000263;P1-1020;0.300000
TwoGrades;SR000263;P1-2010;0.300000
TwoGrades;SR000264;P1-1010;6.100000
TwoGrades;SR000265;P1-1060;9.500000
TwoGrades;SR000265;P1-1060;9.500000
TwoGrades;SR000265;P1-2060;6.800000
TwoGrades;SR000266;P1-5010;1.000000
TwoGrades;SR000266;P1-6010;3.900000
TwoGrades;SR000268;P1-1030;3.400000
TwoGrades;SR000268;P1-1050;8.600000
TwoGrades;SR000268;P1-2060;6.800000
TwoGrades;SR000268;P1-3020;4.100000
TwoGrades;SR000268;P1-3050;6.800000
TwoGrades;SR000268;P1-4050;3.400000
TwoGrades;SR000274;P1-3010;0.300000
TwoGrades;SR000275;P1-1020;0.300000
TwoGrades;SR000282;P1-2020;10.000000
TwoGrades;SR000282;P1-3010;7.500000
TwoGrades;SR000283;P1-1060;1.800000
TwoGrades;SR000283;P1-2020;7.500000
TwoGrades;SR000283;P1-3040;8.600000
TwoGrades;SR000283;P1-5320;5.600000
TwoGrades;SR000283;P1-5320;5.600000
TwoGrades;SR000287;P1-5010;4.000000
TwoGrades;SR000289;P1-1020;10.000000
TwoGrades;SR000289;P1-4010;8.600000
TwoGrades;SR000289;P1-4010;8.600000
TwoGrades;SR000289;P1-4010;8.600000
TwoGrades;SR000289;P1-4010;8.600000
TwoGrades;SR000291;P1-3020;4.700000
TwoGrades;SR000291;P1-5020;6.500000
TwoGrades;SR000291;P1-6010;9.400000
TwoGrades;SR000295;P1-1010;8.600000
TwoGrades;SR000295;P1-1030;6.800000
TwoGrades;SR000296;P1-1010;7.500000
TwoGrades;SR000296;P1-3050;3.500000
TwoGrades;SR000297;P1-1060;10.000000
TwoGrades;SR000297;P1-3020;1.100000
TwoGrades;SR000297;P1-5030;1.600000
TwoGrades;SR000299;P1-1030;0.300000
TwoGrades;SR000299;P1-1050;0.300000
TwoGrades;SR000299;P1-2010;3.400000
TwoGrades;SR000300;P1-1060;8.600000
TwoGrades;SR000300;P1-9315;6.800000
TwoGrades;SR000301;P1-1060;1.800000
TwoGrades;SR000310;P1-4020;1.100000
TwoGrades;SR000310;P1-4030;0.300000
TwoGrades;SR000310;P1-5020;0.300000
TwoGrades;SR000310;P1-5020;5.100000
TwoGrades;SR000310;P1-9325;1.100000
TwoGrades;SR000314;P1-2060;8.600000
TwoGrades;SR000314;P1-3040;4.700000
TwoGrades;SR000314;P1-5030;6.800000
TwoGrades;SR000314;P1-5040;1.800000
TwoGrades;SR000319;P1-1030;7.500000
TwoGrades;SR000326;P1-1010;0.300000
TwoGrades;SR000326;P1-1020;6.800000
TwoGrades;SR000326;P1-2020;7.500000
TwoGrades;SR000326;P1-3050;6.800000
TwoGrades;SR000326;P1-3060;4.700000
TwoGrades;SR000326;P1-3060;5.700000
TwoGrades;SR000326;P1-4040;8.600000
TwoGrades;SR000327;P1-3040;1.100000
TwoGrades;SR000327;P1-4030;1.800000
TwoGrades;SR000329;P1-1020;7.500000
TwoGrades;SR000329;P1-3010;8.600000
TwoGrades;SR000329;P1-3040;9.700000
TwoGrades;SR000332;P1-1020;8.600000
TwoGrades;SR000332;P1-1050;8.600000
TwoGrades;SR000332;P1-2060;3.400000
TwoGrades;SR000333;P1-1030;3.400000
TwoGrades;SR000335;P1-1060;8.100000
TwoGrades;SR000342;P1-2010;7.600000
TwoGrades;SR000348;P1-1060;1.100000
TwoGrades;SR000348;P1-1060;3.400000
TwoGrades;SR000348;P1-2060;3.400000
TwoGrades;SR000348;P1-6020;8.300000
TwoGrades;SR000354;P1-1060;3.700000
TwoGrades;SR000357;P1-2050;3.500000
TwoGrades;SR000358;P1-1030;1.800000
TwoGrades;SR000358;P1-3030;3.700000
TwoGrades;SR000358;P1-3050;0.300000
TwoGrades;SR000363;P1-1020;8.600000
TwoGrades;SR000363;P1-1050;0.300000
TwoGrades;SR000363;P1-2060;0.300000
TwoGrades;SR000365;P1-2020;10.000000
TwoGrades;SR000365;P1-4050;3.400000
TwoGrades;SR000371;P1-4020;1.100000
TwoGrades;SR000371;P1-5020;9.400000
UnknownCourse;P1-8010;7497
UnknownCourse;P1-8010;7498
TwoGrades;SR000376;P1-5030;6.800000
TwoGrades;SR000376;P1-5040;3.400000
TwoGrades;SR000376;P1-6320;8.600000
TwoGrades;SR000379;P1-3010;3.400000
TwoGrades;SR000379;P1-9350;0.500000
TwoGrades;SR000380;P1-2060;6.800000
TwoGrades;SR000384;P1-3010;1.800000
TwoGrades;SR000391;P1-6010;9.600000
TwoGrades;SR000392;P1-1010;6.800000
TwoGrades;SR000392;P1-5040;3.400000
TwoGrades;SR000392;P1-6010;2.500000
TwoGrades;SR000392;P1-9350;4.000000
TwoGrades;SR000396;P1-1030;2.500000
TwoGrades;SR000398;P1-1050;0.300000
TwoGrades;SR000398;P1-2020;7.500000
TwoGrades;SR000398;P1-3010;10.000000
TwoGrades;SR000398;P1-4020;8.600000
TwoGrades;SR000400;P1-5010;6.800000
TwoGrades;SR000400;P1-5040;1.100000
TwoGrades;SR000400;P1-5040;3.400000
TwoGrades;SR000402;P1-3010;8.600000
TwoGrades;SR000402;P1-5040;3.400000
TwoGrades;SR000404;P1-1060;4.000000
TwoGrades;SR000404;P1-2050;3.400000
TwoGrades;SR000406;P1-1060;8.600000
TwoGrades;SR000406;P1-1060;0.700000
TwoGrades;SR000406;P1-2010;0.300000
TwoGrades;SR000406;P1-2010;0.300000
TwoGrades;SR000406;P1-2010;0.300000
TwoGrades;SR000406;P1-2010;0.300000
TwoGrades;SR000406;P1-3040;6.800000
TwoGrades;SR000406;P1-3050;6.800000
TwoGrades;SR000406;P1-4050;1.100000
TwoGrades;SR000409;P1-1030;8.600000
TwoGrades;SR000409;P1-1060;3.700000
TwoGrades;SR000409;P1-2060;3.400000
TwoGrades;SR000409;P1-3040;1.100000
TwoGrades;SR000409;P1-3050;3.400000
TwoGrades;SR000409;P1-3060;4.700000
TwoGrades;SR000412;P1-1010;10.000000
TwoGrades;SR000412;P1-1010;8.600000
TwoGrades;SR000412;P1-4020;1.100000
TwoGrades;SR000412;P1-4030;1.100000
TwoGrades;SR000412;P1-5010;3.700000
TwoGrades;SR000412;P1-5040;6.800000
TwoGrades;SR000412;P1-9350;8.600000
TwoGrades;SR000421;P1-1030;2.100000
TwoGrades;SR000421;P1-1030;0.500000
TwoGrades;SR000421;P1-3010;1.100000
TwoGrades;SR000421;P1-4020;8.600000
TwoGrades;SR000423;P1-1020;0.300000
TwoGrades;SR000423;P1-2020;0.300000
TwoGrades;SR000426;P1-4040;1.100000
TwoGrades;SR000427;P1-1030;1.800000
TwoGrades;SR000427;P1-2020;8.600000
TwoGrades;SR000427;P1-2050;1.800000
TwoGrades;SR000429;P1-4020;3.400000
TwoGrades;SR000429;P1-6020;9.700000
TwoGrades;SR000429;P1-9325;6.800000
TwoGrades;SR000433;P1-1010;8.600000
TwoGrades;SR000433;P1-1030;3.900000
TwoGrades;SR000433;P1-1050;8.600000
TwoGrades;SR000433;P1-1060;0.800000
TwoGrades;SR000435;P1-2020;0.300000
TwoGrades;SR000437;P1-1010;8.600000
TwoGrades;SR000437;P1-1020;6.800000
TwoGrades;SR000437;P1-1060;0.300000
TwoGrades;SR000437;P1-2010;8.600000
TwoGrades;SR000437;P1-2020;7.500000
TwoGrades;SR000437;P1-2050;3.400000
TwoGrades;SR000437;P1-2060;0.300000
TwoGrades;SR000439;P1-2010;6.600000
TwoGrades;SR000443;P1-3040;1.000000
TwoGrades;SR000443;P1-3050;8.600000
TwoGrades;SR000444;P1-2040;0.200000
UnknownCourse;P1-8020;8976
UnknownCourse;P1-8020;8977
TwoGrades;SR000447;P1-4020;3.400000
TwoGrades;SR000447;P1-4050;1.100000
TwoGrades;SR000450;P1-1050;1.100000
TwoGrades;SR000450;P1-1060;4.600000
TwoGrades;SR000450;P1-5010;1.800000
TwoGrades;SR000451;P1-1030;7.600000
TwoGrades;SR000451;P1-2020;8.600000
TwoGrades;SR000455;P1-1010;8.600000
TwoGrades;SR000455;P1-1020;0.300000
TwoGrades;SR000455;P1-1050;0.300000
TwoGrades;SR000455;P1-2020;10.000000
TwoGrades;SR000455;P1-2020;0.300000
TwoGrades;SR000456;P1-4030;8.600000
TwoGrades;SR000457;P1-1030;1.100000
TwoGrades;SR000457;P1-2060;3.400000
TwoGrades;SR000458;P1-1020;8.600000
TwoGrades;SR000458;P1-1030;9.700000
TwoGrades;SR000460;P1-1030;1.100000
TwoGrades;SR000460;P1-4050;3.400000
TwoGrades;SR000466;P1-1060;4.100000
TwoGrades;SR000466;P1-1060;4.000000
TwoGrades;SR000466;P1-2060;3.400000
TwoGrades;SR000466;P1-5030;4.700000
TwoGrades;SR000466;P1-5110;5.400000
TwoGrades;SR000466;P1-5110;2.300000
TwoGrades;SR000467;P1-1030;8.100000
TwoGrades;SR000469;P1-1030;9.300000
TwoGrades;SR000469;P1-1050;8.600000
TwoGrades;SR000469;P1-2020;6.800000
TwoGrades;SR000470;P1-4030;3.400000
TwoGrades;SR000474;P1-6010;0.400000
TwoGrades;SR000475;P1-3020;0.300000
TwoGrades;SR000475;P1-3040;8.600000
TwoGrades;SR000476;P1-1020;0.300000
TwoGrades;SR000476;P1-2060;3.400000
TwoGrades;SR000476;P1-3020;8.600000
TwoGrades;SR000478;P1-3020;0.300000
UnknownCourse;P1-8020;9781
UnknownCourse;P1-8020;9782
TwoGrades;SR000480;P1-1030;1.000000
TwoGrades;SR000480;P1-2060;8.600000
TwoGrades;SR000483;P1-1060;0.300000
TwoGrades;SR000483;P1-1060;9.500000
TwoGrades;SR000483;P1-1060;9.500000
TwoGrades;SR000483;P1-2050;7.500000
TwoGrades;SR000483;P1-3010;1.100000
TwoGrades;SR000483;P1-3020;7.600000
TwoGrades;SR000483;P1-9115;8.600000
TwoGrades;SR000487;P1-1010;0.300000
TwoGrades;SR000488;P1-1020;8.600000
TwoGrades;SR000489;P1-3020;8.600000
TwoGrades;SR000489;P1-5030;0.800000
TwoGrades;SR000489;P1-5040;3.400000
TwoGrades;SR000489;P1-6010;2.400000
TwoGrades;SR000489;P1-9155;1.200000
TwoGrades;SR000491;P1-4010;8.600000
TwoGrades;SR000491;P1-4010;8.600000
TwoGrades;SR000491;P1-4010;8.600000
TwoGrades;SR000491;P1-4010;8.600000
TwoGrades;SR000491;P1-4030;8.600000
TwoGrades;SR000491;P1-5020;2.500000
TwoGrades;SR000491;P1-6010;0.800000
TwoGrades;SR000495;P1-1060;3.500000
TwoGrades;SR000495;P1-1060;7.400000
TwoGrades;SR000495;P1-5020;8.100000
TwoGrades;SR000495;P1-5110;7.400000
TwoGrades;SR000495;P1-9115;8.600000
TwoGrades;SR000502;P1-1030;9.700000
TwoGrades;SR000507;P1-1020;4.700000
TwoGrades;SR000514;P1-1010;6.800000
TwoGrades;SR000514;P1-1020;3.400000
TwoGrades;SR000514;P1-2060;1.800000
TwoGrades;SR000515;P1-1020;7.500000
TwoGrades;SR000522;P1-2060;3.400000
TwoGrades;SR000527;P1-3060;7.600000
TwoGrades;SR000527;P1-4020;6.800000
TwoGrades;SR000529;P1-4020;6.800000
TwoGrades;SR000530;P1-1010;8.600000
TwoGrades;SR000530;P1-1020;0.300000
TwoGrades;SR000530;P1-1030;6.800000
TwoGrades;SR000530;P1-2020;8.600000
TwoGrades;SR000531;P1-3060;0.200000
TwoGrades;SR000531;P1-9350;3.200000
TwoGrades;SR000534;P1-5030;8.600000
TwoGrades;SR000534;P1-5320;4.100000
TwoGrades;SR000534;P1-6010;0.400000
TwoGrades;SR000534;P1-9315;7.500000
TwoGrades;SR000534;P1-9350;3.200000
TwoGrades;SR000535;P1-1030;3.900000
TwoGrades;SR000538;P1-2060;8.600000
TwoGrades;SR000538;P1-5030;3.600000
TwoGrades;SR000539;P1-1050;3.600000
TwoGrades;SR000539;P1-3020;3.400000
TwoGrades;SR000539;P1-4020;1.100000
TwoGrades;SR000539;P1-5020;6.800000
TwoGrades;SR000539;P1-5020;7.600000
TwoGrades;SR000539;P1-5120;4.700000
TwoGrades;SR000539;P1-9170;3.400000
TwoGrades;SR000539;P1-9170;0.200000
TwoGrades;SR000540;P1-1030;1.100000
TwoGrades;SR000540;P1-1050;0.300000
TwoGrades;SR000542;P1-1050;3.400000
TwoGrades;SR000550;P1-1010;8.600000
TwoGrades;SR000550;P1-1030;8.100000
TwoGrades;SR000553;P1-1030;8.100000
TwoGrades;SR000555;P1-5120;8.600000
TwoGrades;SR000563;P1-1010;0.300000
TwoGrades;SR000563;P1-1050;0.300000
TwoGrades;SR000563;P1-1050;0.300000
TwoGrades;SR000563;P1-2060;0.300000
TwoGrades;SR000566;P1-2010;6.800000
TwoGrades;SR000566;P1-2020;7.500000
TwoGrades;SR000566;P1-2050;0.300000
TwoGrades;SR000566;P1-3010;0.300000
TwoGrades;SR000566;P1-3030;9.300000
TwoGrades;SR000566;P1-3040;0.300000
TwoGrades;SR000566;P1-3050;1.800000
TwoGrades;SR000566;P1-4020;7.500000
TwoGrades;SR000568;P1-2020;0.300000
TwoGrades;SR000570;P1-1060;4.600000
TwoGrades;SR000570;P1-6020;4.600000
TwoGrades;SR000576;P1-1010;7.500000
TwoGrades;SR000576;P1-2010;1.100000
TwoGrades;SR000578;P1-1060;8.600000
TwoGrades;SR000578;P1-2060;0.300000
TwoGrades;SR000578;P1-3020;7.500000
TwoGrades;SR000589;P1-4040;0.800000
TwoGrades;SR000589;P1-4040;0.800000
TwoGrades;SR000591;P1-2010;1.800000
TwoGrades;SR000591;P1-2010;1.800000
TwoGrades;SR000591;P1-2010;1.800000
TwoGrades;SR000591;P1-2010;1.800000
TwoGrades;SR000591;P1-3040;2.400000
TwoGrades;SR000593;P1-1050;8.600000
TwoGrades;SR000593;P1-2050;6.800000
TwoGrades;SR000598;P1-2060;8.600000
TwoGrades;SR000598;P1-6010;1.100000
TwoGrades;SR000598;P1-6020;4.600000
TwoGrades;SR000599;P1-3060;0.200000
TwoGrades;SR000599;P1-4010;8.600000
TwoGrades;SR000599;P1-4010;8.600000
TwoGrades;SR000599;P1-4010;8.600000
TwoGrades;SR000599;P1-4010;8.600000
TwoGrades;SR000601;P1-1050;8.600000
TwoGrades;SR000602;P1-6120;8.600000
TwoGrades;SR000605;P1-1050;6.800000
TwoGrades;SR000605;P1-2060;8.600000
TwoGrades;SR000605;P1-3040;6.800000
TwoGrades;SR000606;P1-1020;3.400000
TwoGrades;SR000606;P1-1030;0.300000
TwoGrades;SR000606;P1-1050;0.300000
TwoGrades;SR000610;P1-1030;8.600000
TwoGrades;SR000610;P1-2010;3.400000
TwoGrades;SR000612;P1-1030;0.300000
TwoGrades;SR000612;P1-1050;0.300000
TwoGrades;SR000612;P1-1050;0.300000
TwoGrades;SR000612;P1-3020;7.500000
TwoGrades;SR000612;P1-3040;0.300000
TwoGrades;SR000612;P1-3050;8.600000
TwoGrades;SR000612;P1-4020;8.600000
TwoGrades;SR000612;P1-4050;6.800000
TwoGrades;SR000614;P1-1050;8.600000
TwoGrades;SR000614;P1-3040;0.400000
TwoGrades;SR000614;P1-4020;6.800000
TwoGrades;SR000614;P1-4050;8.600000
TwoGrades;SR000615;P1-3050;0.300000
TwoGrades;SR000623;P1-1030;3.700000
TwoGrades;SR000623;P1-2060;3.400000
TwoGrades;SR000623;P1-3040;0.300000
TwoGrades;SR000623;P1-4010;8.600000
TwoGrades;SR000623;P1-4010;8.600000
TwoGrades;SR000623;P1-4010;8.600000
TwoGrades;SR000623;P1-4010;8.600000
TwoGrades;SR000623;P1-4040;1.600000
TwoGrades;SR000630;P1-1010;3.200000
TwoGrades;SR000630;P1-4020;3.400000
TwoGrades;SR000630;P1-5040;4.700000
TwoGrades;SR000636;P1-1010;0.300000
TwoGrades;SR000636;P1-2020;8.600000
TwoGrades;SR000636;P1-3050;1.100000
TwoGrades;SR000638;P1-2010;1.100000
TwoGrades;SR000638;P1-2050;1.100000
TwoGrades;SR000641;P1-2020;7.500000
TwoGrades;SR000641;P1-2050;0.300000
TwoGrades;SR000645;P1-2020;8.600000
TwoGrades;SR000646;P1-6010;0.400000
TwoGrades;SR000652;P1-1020;7.500000
TwoGrades;SR000657;P1-1030;8.000000
TwoGrades;SR000665;P1-4020;1.800000
TwoGrades;SR000665;P1-5010;8.600000
TwoGrades;SR000668;P1-1030;7.400000
TwoGrades;SR000668;P1-3050;1.100000
TwoGrades;SR000668;P1-4030;1.800000
TwoGrades;SR000675;P1-3020;4.700000
TwoGrades;SR000675;P1-3060;0.500000
TwoGrades;SR000675;P1-4020;8.600000
TwoGrades;SR000677;P1-2060;6.800000
TwoGrades;SR000680;P1-3060;3.200000
TwoGrades;SR000684;P1-3010;0.300000
TwoGrades;SR000691;P1-3040;6.800000
TwoGrades;SR000691;P1-3060;4.700000
TwoGrades;SR000696;P1-3040;6.800000
TwoGrades;SR000699;P1-2060;7.500000
TwoGrades;SR000699;P1-3030;3.700000
TwoGrades;SR000699;P1-4010;8.600000
TwoGrades;SR000699;P1-4010;8.600000
TwoGrades;SR000699;P1-4010;8.600000
TwoGrades;SR000699;P1-4010;8.600000
TwoGrades;SR000702;P1-1030;3.400000
TwoGrades;SR000702;P1-1050;8.600000
TwoGrades;SR000704;P1-1020;6.800000
TwoGrades;SR000704;P1-1030;9.400000
TwoGrades;SR000704;P1-1050;6.800000
TwoGrades;SR000704;P1-2060;6.800000
TwoGrades;SR000708;P1-1060;4.200000
TwoGrades;SR000712;P1-5010;3.900000
TwoGrades;SR000713;P1-9220;0.300000
TwoGrades;SR000715;P1-1010;8.600000
TwoGrades;SR000717;P1-1030;8.600000
TwoGrades;SR000718;P1-2060;8.600000
TwoGrades;SR000719;P1-1060;9.300000
TwoGrades;SR000719;P1-1060;5.400000
TwoGrades;SR000719;P1-2050;0.300000
TwoGrades;SR000719;P1-5110;5.400000
TwoGrades;SR000719;P1-5110;6.800000
TwoGrades;SR000725;P1-1010;8.600000
TwoGrades;SR000725;P1-1030;8.600000
TwoGrades;SR000725;P1-2010;6.800000
TwoGrades;SR000725;P1-2020;8.600000
TwoGrades;SR000726;P1-1060;1.100000
TwoGrades;SR000726;P1-3020;4.200000
TwoGrades;SR000726;P1-9170;8.600000
TwoGrades;SR000727;P1-1050;0.300000
TwoGrades;SR000727;P1-1050;8.600000
TwoGrades;SR000734;P1-3040;1.300000
TwoGrades;SR000739;P1-1030;2.000000
TwoGrades;SR000742;P1-5010;4.700000
TwoGrades;SR000742;P1-5030;6.800000
TwoGrades;SR000742;P1-5040;6.800000
TwoGrades;SR000742;P1-5040;6.800000
TwoGrades;SR000742;P1-6010;8.100000
TwoGrades;SR000745;P1-1020;7.500000
TwoGrades;SR000745;P1-3050;3.500000
TwoGrades;SR000747;P1-1010;6.800000
TwoGrades;SR000748;P1-9210;7.600000
TwoGrades;SR000754;P1-4030;1.800000
TwoGrades;SR000759;P1-1030;0.200000
TwoGrades;SR000759;P1-1060;0.300000
TwoGrades;SR000759;P1-2020;8.600000
TwoGrades;SR000759;P1-3010;3.500000
TwoGrades;SR000760;P1-3020;8.600000
TwoGrades;SR000760;P1-5040;6.800000
TwoGrades;SR000760;P1-5110;4.600000
TwoGrades;SR000760;P1-6010;1.600000
TwoGrades;SR000760;P1-9135;0.400000
TwoGrades;SR000762;P1-1060;3.600000
TwoGrades;SR000762;P1-5020;4.700000
TwoGrades;SR000762;P1-5110;7.000000
TwoGrades;SR000762;P1-9310;5.000000
TwoGrades;SR000762;P1-9340;6.800000
TwoGrades;SR000765;P1-3040;1.800000
TwoGrades;SR000771;P1-1030;9.700000
TwoGrades;SR000771;P1-2050;7.500000
TwoGrades;SR000773;P1-5010;3.300000
TwoGrades;SR000774;P1-3020;9.200000
TwoGrades;SR000776;P1-3050;3.400000
TwoGrades;SR000779;P1-9350;5.600000
TwoGrades;SR000780;P1-1050;8.600000
TwoGrades;SR000782;P1-1060;6.800000
TwoGrades;SR000782;P1-2060;8.600000
TwoGrades;SR000782;P1-3040;3.400000
TwoGrades;SR000782;P1-5040;6.800000
TwoGrades;SR000784;P1-1030;0.300000
TwoGrades;SR000784;P1-1050;1.800000
TwoGrades;SR000784;P1-1050;8.600000
TwoGrades;SR000784;P1-2020;7.500000
TwoGrades;SR000784;P1-2060;8.600000
TwoGrades;SR000787;P1-1010;8.600000
TwoGrades;SR000787;P1-2020;8.600000
TwoGrades;SR000787;P1-3010;6.100000
TwoGrades;SR000787;P1-3040;4.300000
TwoGrades;SR000787;P1-3050;6.800000
TwoGrades;SR000787;P1-4050;3.400000
TwoGrades;SR000787;P1-5020;0.800000
TwoGrades;SR000791;P1-2010;1.100000
TwoGrades;SR000795;P1-1030;0.400000
TwoGrades;SR000795;P1-1060;9.300000
TwoGrades;SR000797;P1-5220;9.300000
TwoGrades;SR000800;P1-3040;6.800000
TwoGrades;SR000804;P1-5030;4.000000
TwoGrades;SR000804;P1-5040;6.800000
TwoGrades;SR000804;P1-5320;5.600000
TwoGrades;SR000804;P1-9225;6.400000
TwoGrades;SR000807;P1-1020;6.800000
TwoGrades;SR000807;P1-1030;2.500000
TwoGrades;SR000809;P1-1030;3.400000
TwoGrades;SR000811;P1-4020;8.600000
TwoGrades;SR000811;P1-5030;1.600000
TwoGrades;SR000813;P1-1010;10.000000
TwoGrades;SR000813;P1-9350;8.200000
TwoGrades;SR000815;P1-1030;1.000000
TwoGrades;SR000815;P1-1050;6.800000
TwoGrades;SR000826;P1-1030;9.400000
TwoGrades;SR000826;P1-1050;6.800000
TwoGrades;SR000826;P1-2010;8.600000
TwoGrades;SR000826;P1-2010;8.600000
TwoGrades;SR000829;P1-2060;8.600000
TwoGrades;SR000830;P1-3020;1.800000
TwoGrades;SR000834;P1-3060;4.700000
TwoGrades;SR000836;P1-1010;8.600000
TwoGrades;SR000836;P1-1020;6.800000
TwoGrades;SR000836;P1-1030;3.400000
TwoGrades;SR000836;P1-2020;7.500000
TwoGrades;SR000839;P1-9140;8.200000
TwoGrades;SR000839;P1-9140;8.200000
TwoGrades;SR000843;P1-3020;0.700000
TwoGrades;SR000844;P1-3030;3.400000
TwoGrades;SR000845;P1-3050;0.200000
TwoGrades;SR000846;P1-2060;8.600000
TwoGrades;SR000849;P1-2050;0.300000
TwoGrades;SR000856;P1-2020;8.600000
TwoGrades;SR000856;P1-5010;6.800000
TwoGrades;SR000861;P1-5030;0.300000
TwoGrades;SR000861;P1-6010;9.600000
TwoGrades;SR000861;P1-6020;8.300000
TwoGrades;SR000862;P1-1050;8.600000
TwoGrades;SR000862;P1-1050;8.600000
TwoGrades;SR000862;P1-2060;8.600000
TwoGrades;SR000863;P1-1030;0.300000
TwoGrades;SR000864;P1-5110;4.600000
TwoGrades;SR000864;P1-6010;0.400000
TwoGrades;SR000864;P1-6020;3.300000
TwoGrades;SR000864;P1-6120;3.400000
TwoGrades;SR000864;P1-9155;0.200000
TwoGrades;SR000864;P1-9155;3.200000
TwoGrades;SR000865;P1-1020;6.800000
TwoGrades;SR000866;P1-1060;6.500000
TwoGrades;SR000866;P1-1060;5.400000
TwoGrades;SR000866;P1-3010;10.000000
TwoGrades;SR000866;P1-5020;6.100000
TwoGrades;SR000866;P1-5040;6.800000
TwoGrades;SR000866;P1-6020;2.500000
TwoGrades;SR000867;P1-3050;6.800000
TwoGrades;SR000867;P1-4030;1.100000
TwoGrades;SR000868;P1-1040;0.500000
TwoGrades;SR000868;P1-1040;0.500000
TwoGrades;SR000868;P1-3020;7.600000
TwoGrades;SR000868;P1-5110;7.000000
TwoGrades;SR000869;P1-1050;0.300000
TwoGrades;SR000869;P1-2010;1.100000
TwoGrades;SR000893;P1-3010;0.300000
TwoGrades;SR000893;P1-3040;6.800000
TwoGrades;SR000893;P1-5030;6.800000
TwoGrades;SR000898;P1-1010;8.600000
TwoGrades;SR000898;P1-1020;8.600000
TwoGrades;SR000898;P1-1030;6.100000
TwoGrades;SR000898;P1-1050;8.600000
TwoGrades;SR000898;P1-2010;0.800000
TwoGrades;SR000899;P1-1060;0.300000
TwoGrades;SR000901;P1-2050;0.300000
TwoGrades;SR000908;P1-1010;8.600000
TwoGrades;SR000908;P1-3050;8.600000
TwoGrades;SR000909;P1-1050;7.500000
TwoGrades;SR000911;P1-2010;8.000000
TwoGrades;SR000912;P1-1030;0.400000
TwoGrades;SR000912;P1-1050;8.600000
TwoGrades;SR000914;P1-3020;0.300000
TwoGrades;SR000914;P1-3020;3.200000
TwoGrades;SR000914;P1-9350;0.000000
TwoGrades;SR000916;P1-1030;1.100000
TwoGrades;SR000916;P1-1050;3.400000
TwoGrades;SR000916;P1-2020;0.300000
TwoGrades;SR000917;P1-3040;3.400000
TwoGrades;SR000917;P1-5030;0.300000
TwoGrades;SR000917;P1-5110;4.600000
TwoGrades;SR000917;P1-5320;8.100000
TwoGrades;SR000917;P1-6020;6.800000
TwoGrades;SR000917;P1-9115;0.300000
TwoGrades;SR000917;P1-9315;1.100000
TwoGrades;SR000919;P1-1060;3.400000
TwoGrades;SR000919;P1-6020;2.300000
TwoGrades;SR000919;P1-9120;3.400000
TwoGrades;SR000919;P1-9130;6.800000
TwoGrades;SR000919;P1-9220;6.800000
TwoGrades;SR000919;P1-9310;6.800000
TwoGrades;SR000919;P1-9325;6.800000
TwoGrades;SR000925;P1-2060;8.600000
TwoGrades;SR000925;P1-3050;1.100000
TwoGrades;SR000925;P1-4020;3.400000
TwoGrades;SR000926;P1-1020;0.300000
TwoGrades;SR000926;P1-1030;1.800000
TwoGrades;SR000926;P1-2020;7.500000
TwoGrades;SR000929;P1-5110;2.300000
TwoGrades;SR000929;P1-6010;3.400000
TwoGrades;SR000932;P1-1030;6.800000
TwoGrades;SR000932;P1-1060;8.600000
TwoGrades;SR000932;P1-1060;9.500000
TwoGrades;SR000932;P1-2060;3.400000
TwoGrades;SR000932;P1-4030;3.400000
TwoGrades;SR000934;P1-1030;5.600000
TwoGrades;SR000938;P1-1020;0.300000
TwoGrades;SR000938;P1-1030;1.100000
TwoGrades;SR000938;P1-1050;1.100000
TwoGrades;SR000938;P1-2020;7.500000
TwoGrades;SR000938;P1-2060;6.800000
TwoGrades;SR000941;P1-6010;3.500000
TwoGrades;SR000946;P1-1030;0.500000
TwoGrades;SR000946;P1-3020;1.400000
TwoGrades;SR000946;P1-3040;7.600000
TwoGrades;SR000946;P1-6010;1.000000
TwoGrades;SR000946;P1-9350;8.600000
TwoGrades;SR000950;P1-1030;1.100000
TwoGrades;SR000950;P1-2010;6.800000
TwoGrades;SR000950;P1-2020;0.300000
TwoGrades;SR000950;P1-2050;1.800000
TwoGrades;SR000951;P1-1010;0.300000
TwoGrades;SR000952;P1-4010;8.600000
TwoGrades;SR000952;P1-4010;8.600000
TwoGrades;SR000952;P1-4010;8.600000
TwoGrades;SR000952;P1-4010;8.600000
TwoGrades;SR000955;P1-2020;8.600000
TwoGrades;SR000955;P1-2060;8.600000
TwoGrades;SR000958;P1-1030;9.300000
TwoGrades;SR000958;P1-1050;0.300000
TwoGrades;SR000958;P1-2060;3.400000
TwoGrades;SR000959;P1-3020;0.300000
TwoGrades;SR000966;P1-2060;1.100000
TwoGrades;SR000966;P1-3040;1.100000
TwoGrades;SR000966;P1-3040;8.600000
TwoGrades;SR000966;P1-3050;4.700000
TwoGrades;SR000966;P1-6010;6.800000
TwoGrades;SR000967;P1-3040;3.400000
TwoGrades;SR000968;P1-1030;8.600000
TwoGrades;SR000968;P1-1050;6.800000
TwoGrades;SR000968;P1-2010;1.100000
TwoGrades;SR000968;P1-2050;1.800000
TwoGrades;SR000968;P1-2060;6.800000
TwoGrades;SR000971;P1-1060;9.700000
TwoGrades;SR000971;P1-3020;8.600000
TwoGrades;SR000971;P1-3060;8.200000
TwoGrades;SR000971;P1-6010;0.300000
TwoGrades;SR000971;P1-6310;6.100000
TwoGrades;SR000971;P1-9335;6.800000
TwoGrades;SR000971;P1-9340;8.600000
TwoGrades;SR000971;P1-9350;7.600000
TwoGrades;SR000975;P1-1060;2.900000
TwoGrades;SR000975;P1-1060;6.800000
TwoGrades;SR000975;P1-5020;7.000000
TwoGrades;SR000975;P1-5020;1.900000
TwoGrades;SR000975;P1-5040;6.800000
TwoGrades;SR000975;P1-9030;7.600000
TwoGrades;SR000975;P1-9350;3.300000
TwoGrades;SR000984;P1-1060;2.500000
TwoGrades;SR000984;P1-3020;0.300000
TwoGrades;SR000984;P1-5220;1.800000
TwoGrades;SR000985;P1-1010;0.300000
TwoGrades;SR000985;P1-1050;1.800000
TwoGrades;SR000986;P1-1020;7.500000
TwoGrades;SR000987;P1-3060;0.200000
TwoGrades;SR000990;P1-1010;8.600000
TwoGrades;SR000990;P1-3040;3.900000
TwoGrades;SR000990;P1-4050;3.400000
TwoGrades;SR000991;P1-5020;2.500000
TwoGrades;SR000995;P1-1010;8.600000
TwoGrades;SR001002;P1-3040;5.400000
TwoGrades;SR001002;P1-5030;0.300000
TwoGrades;SR001002;P1-5040;6.800000
TwoGrades;SR001002;P1-6020;9.300000
TwoGrades;SR001005;P1-1010;8.600000
TwoGrades;SR001005;P1-1020;4.700000
TwoGrades;SR001005;P1-3060;0.200000
TwoGrades;SR001005;P1-5030;6.800000
TwoGrades;SR001005;P1-6010;5.400000
TwoGrades;SR001005;P1-6110;4.900000
TwoGrades;SR001006;P1-3050;3.400000
TwoGrades;SR001007;P1-1010;0.000000
TwoGrades;SR001007;P1-3040;8.600000
TwoGrades;SR001007;P1-3050;0.500000
TwoGrades;SR001007;P1-5020;0.800000
TwoGrades;SR001008;P1-1010;7.500000
TwoGrades;SR001009;P1-3010;3.500000
TwoGrades;SR001009;P1-3040;9.400000
TwoGrades;SR001011;P1-1020;6.800000
TwoGrades;SR001011;P1-1030;1.800000
TwoGrades;SR001011;P1-2010;0.300000
TwoGrades;SR001011;P1-3040;1.800000
TwoGrades;SR001016;P1-1010;6.800000
TwoGrades;SR001016;P1-1050;8.600000
TwoGrades;SR001016;P1-2010;6.800000
TwoGrades;SR001022;P1-1020;0.300000
TwoGrades;SR001022;P1-4050;8.600000
TwoGrades;SR001025;P1-3020;1.800000
TwoGrades;SR001025;P1-3020;1.100000
TwoGrades;SR001025;P1-6010;9.400000
TwoGrades;SR001025;P1-9155;0.000000
TwoGrades;SR001026;P1-3010;10.000000
TwoGrades;SR001027;P1-5040;6.800000
TwoGrades;SR001027;P1-6010;9.400000
TwoGrades;SR001030;P1-4050;1.100000
TwoGrades;SR001032;P1-5020;0.800000
TwoGrades;SR001034;P1-4020;0.300000
TwoGrades;SR001038;P1-1060;3.400000
TwoGrades;SR001039;P1-5030;8.600000
TwoGrades;SR001042;P1-3040;4.700000
TwoGrades;SR001045;P1-1010;6.800000
TwoGrades;SR001045;P1-3050;7.600000
TwoGrades;SR001045;P1-4020;0.300000
TwoGrades;SR001045;P1-5020;4.700000
TwoGrades;SR001045;P1-5040;0.700000
TwoGrades;SR001045;P1-6010;8.600000
TwoGrades;SR001045;P1-9245;1.100000
TwoGrades;SR001045;P1-9350;0.300000
TwoGrades;SR001046;P1-1010;8.600000
TwoGrades;SR001046;P1-3050;4.700000
TwoGrades;SR001046;P1-4010;8.600000
TwoGrades;SR001046;P1-4010;8.600000
TwoGrades;SR001046;P1-4010;8.600000
TwoGrades;SR001046;P1-4010;8.600000
TwoGrades;SR001046;P1-4030;3.500000
TwoGrades;SR001046;P1-4050;6.800000
TwoGrades;SR001046;P1-5010;7.600000
TwoGrades;SR001046;P1-5020;1.000000
TwoGrades;SR001046;P1-5020;0.800000
TwoGrades;SR001046;P1-9160;1.100000
TwoGrades;SR001047;P1-5110;9.500000
TwoGrades;SR001047;P1-5320;3.900000
TwoGrades;SR001047;P1-6010;0.800000
TwoGrades;SR001047;P1-6020;0.400000
TwoGrades;SR001052;P1-1030;0.300000
TwoGrades;SR001052;P1-1050;8.600000
TwoGrades;SR001058;P1-3040;8.600000
TwoGrades;SR001059;P1-4010;8.600000
TwoGrades;SR001059;P1-4040;4.300000
TwoGrades;SR001060;P1-1010;7.500000
TwoGrades;SR001060;P1-1020;8.600000
TwoGrades;SR001060;P1-1030;5.400000
TwoGrades;SR001062;P1-1020;7.500000
TwoGrades;SR001062;P1-1060;8.600000
TwoGrades;SR001062;P1-3010;1.800000
TwoGrades;SR001062;P1-5040;3.400000
TwoGrades;SR001062;P1-6010;5.600000
TwoGrades;SR001063;P1-1010;0.300000
TwoGrades;SR001063;P1-1020;7.500000
TwoGrades;SR001063;P1-1050;8.600000
TwoGrades;SR001063;P1-1050;8.600000
TwoGrades;SR001063;P1-4050;6.800000
TwoGrades;SR001066;P1-3010;7.600000
UnknownCourse;P1-8020;21806
TwoGrades;SR001068;P1-1020;3.400000
TwoGrades;SR001068;P1-1050;0.300000
TwoGrades;SR001070;P1-1020;7.500000
TwoGrades;SR001070;P1-1030;6.100000
TwoGrades;SR001070;P1-1050;8.600000
TwoGrades;SR001070;P1-2010;8.600000
TwoGrades;SR001070;P1-2010;8.600000
TwoGrades;SR001070;P1-2010;8.600000
TwoGrades;SR001070;P1-2010;8.600000
TwoGrades;SR001070;P1-2020;8.600000
TwoGrades;SR001073;P1-1020;8.600000
TwoGrades;SR001073;P1-2010;0.300000
TwoGrades;SR001075;P1-1060;2.900000
TwoGrades;SR001075;P1-1060;7.500000
TwoGrades;SR001075;P1-3020;8.600000
TwoGrades;SR001075;P1-4020;8.600000
TwoGrades;SR001075;P1-5030;9.400000
TwoGrades;SR001075;P1-5030;9.400000
TwoGrades;SR001075;P1-6010;3.400000
TwoGrades;SR001081;P1-1060;2.000000
TwoGrades;SR001085;P1-2010;1.100000
TwoGrades;SR001085;P1-3020;0.300000
TwoGrades;SR001088;P1-1030;4.700000
TwoGrades;SR001088;P1-1060;7.500000
TwoGrades;SR001088;P1-1060;8.300000
TwoGrades;SR001092;P1-3010;3.500000
TwoGrades;SR001096;P1-1030;8.600000
TwoGrades;SR001096;P1-3040;9.700000
TwoGrades;SR001097;P1-1020;8.600000
TwoGrades;SR001097;P1-1060;6.800000
TwoGrades;SR001097;P1-2020;0.300000
TwoGrades;SR001097;P1-3020;6.800000
TwoGrades;SR001098;P1-1060;4.700000
TwoGrades;SR001098;P1-4050;6.800000
TwoGrades;SR001098;P1-5010;5.100000
TwoGrades;SR001098;P1-5030;8.600000
TwoGrades;SR001098;P1-5040;0.700000
TwoGrades;SR001098;P1-6010;8.600000
TwoGrades;SR001098;P1-9350;8.600000
TwoGrades;SR001102;P1-2040;4.700000
TwoGrades;SR001102;P1-3040;0.300000
TwoGrades;SR001102;P1-3040;2.500000
TwoGrades;SR001106;P1-1010;0.300000
TwoGrades;SR001106;P1-2060;0.300000
TwoGrades;SR001108;P1-6120;6.800000
TwoGrades;SR001108;P1-9350;0.300000
TwoGrades;SR001111;P1-1010;8.600000
TwoGrades;SR001111;P1-2010;6.800000
TwoGrades;SR001111;P1-2020;0.300000
TwoGrades;SR001111;P1-3030;8.600000
TwoGrades;SR001111;P1-3050;6.800000
TwoGrades;SR001111;P1-4050;3.400000
TwoGrades;SR001112;P1-3020;0.300000
TwoGrades;SR001120;P1-1050;0.300000
TwoGrades;SR001120;P1-2060;3.400000
TwoGrades;SR001120;P1-3020;8.600000
TwoGrades;SR001120;P1-3040;0.300000
TwoGrades;SR001120;P1-3050;0.300000
TwoGrades;SR001120;P1-4030;3.400000
TwoGrades;SR001120;P1-4050;6.800000
TwoGrades;SR001128;P1-3040;3.400000
TwoGrades;SR001130;P1-1010;6.800000
TwoGrades;SR001130;P1-1050;0.300000
TwoGrades;SR001130;P1-2060;0.300000
TwoGrades;SR001134;P1-1010;0.300000
TwoGrades;SR001134;P1-4020;8.600000
TwoGrades;SR001134;P1-4040;0.400000
TwoGrades;SR001134;P1-5010;7.500000
TwoGrades;SR001134;P1-5030;3.400000
TwoGrades;SR001134;P1-5040;8.600000
TwoGrades;SR001134;P1-6010;4.300000
TwoGrades;SR001134;P1-9255;0.400000
TwoGrades;SR001135;P1-2020;6.800000
TwoGrades;SR001135;P1-5010;4.900000
TwoGrades;SR001135;P1-5040;8.600000
TwoGrades;SR001136;P1-3040;2.500000
TwoGrades;SR001136;P1-3050;6.800000
TwoGrades;SR001136;P1-4020;3.400000
TwoGrades;SR001136;P1-4030;3.400000
TwoGrades;SR001136;P1-4040;4.700000
TwoGrades;SR001138;P1-1010;7.500000
TwoGrades;SR001138;P1-1030;8.600000
TwoGrades;SR001138;P1-3040;9.700000
TwoGrades;SR001138;P1-4020;3.400000
TwoGrades;SR001138;P1-4050;3.400000
TwoGrades;SR001141;P1-2020;8.600000
TwoGrades;SR001141;P1-3030;5.400000
TwoGrades;SR001141;P1-3040;5.600000
TwoGrades;SR001141;P1-4020;0.300000
TwoGrades;SR001141;P1-4030;0.300000
TwoGrades;SR001141;P1-4040;0.300000
TwoGrades;SR001141;P1-4040;0.300000
TwoGrades;SR001143;P1-1020;7.500000
TwoGrades;SR001143;P1-1050;7.500000
TwoGrades;SR001143;P1-1050;7.500000
TwoGrades;SR001146;P1-1010;10.000000
TwoGrades;SR001146;P1-1010;7.500000
TwoGrades;SR001146;P1-2020;7.500000
TwoGrades;SR001147;P1-1010;7.500000
TwoGrades;SR001162;P1-1010;8.600000
TwoGrades;SR001162;P1-2060;7.500000
TwoGrades;SR001162;P1-3050;3.400000
TwoGrades;SR001162;P1-4010;3.400000
TwoGrades;SR001164;P1-5110;6.800000
TwoGrades;SR001166;P1-4020;6.800000
TwoGrades;SR001166;P1-6010;0.400000
UnknownCourse;P1-8010;24472
TwoGrades;SR001171;P1-3040;6.800000
TwoGrades;SR001171;P1-4040;3.400000
TwoGrades;SR001171;P1-4040;3.400000
TwoGrades;SR001172;P1-1030;9.000000
TwoGrades;SR001178;P1-4030;3.400000
TwoGrades;SR001178;P1-4040;6.200000
TwoGrades;SR001178;P1-9170;3.400000
TwoGrades;SR001178;P1-9315;3.400000
TwoGrades;SR001178;P1-9340;3.400000
TwoGrades;SR001187;P1-1060;8.100000
TwoGrades;SR001187;P1-5040;6.800000
TwoGrades;SR001187;P1-9120;6.800000
TwoGrades;SR001187;P1-9120;6.800000
TwoGrades;SR001193;P1-2020;8.600000
TwoGrades;SR001196;P1-3040;2.500000
TwoGrades;SR001198;P1-3050;6.800000
TwoGrades;SR001199;P1-2020;7.500000
TwoGrades;SR001200;P1-5030;3.400000
TwoGrades;SR001200;P1-5040;8.600000
TwoGrades;SR001208;P1-1060;1.100000
TwoGrades;SR001208;P1-4050;1.100000
TwoGrades;SR001208;P1-5120;4.700000
TwoGrades;SR001208;P1-6010;9.700000
TwoGrades;SR001208;P1-6110;3.800000
TwoGrades;SR001208;P1-9030;7.600000
TwoGrades;SR001208;P1-9135;7.500000
TwoGrades;SR001208;P1-9170;0.500000
TwoGrades;SR001209;P1-3010;3.500000
TwoGrades;SR001209;P1-3040;0.400000
TwoGrades;SR001209;P1-4040;3.400000
TwoGrades;SR001209;P1-4040;3.400000
TwoGrades;SR001210;P1-3050;3.400000
TwoGrades;SR001213;P1-3010;3.400000
TwoGrades;SR001213;P1-3040;5.600000
TwoGrades;SR001213;P1-4050;6.800000
TwoGrades;SR001215;P1-5030;9.600000
TwoGrades;SR001215;P1-9350;7.600000
TwoGrades;SR001216;P1-1020;4.700000
TwoGrades;SR001216;P1-3040;1.100000
TwoGrades;SR001220;P1-1010;6.800000
TwoGrades;SR001220;P1-2020;8.600000
TwoGrades;SR001220;P1-9130;5.500000
TwoGrades;SR001220;P1-9350;4.700000
TwoGrades;SR001227;P1-1020;7.500000
TwoGrades;SR001229;P1-2010;3.400000
TwoGrades;SR001229;P1-2020;8.600000
TwoGrades;SR001229;P1-2060;0.300000
TwoGrades;SR001232;P1-3020;0.300000
TwoGrades;SR001233;P1-1060;6.800000
TwoGrades;SR001236;P1-1030;7.800000
TwoGrades;SR001238;P1-1010;8.600000
TwoGrades;SR001238;P1-1020;8.600000
TwoGrades;SR001240;P1-2060;8.600000
TwoGrades;SR001240;P1-4020;6.800000
TwoGrades;SR001240;P1-5110;0.300000
TwoGrades;SR001240;P1-6320;8.600000
TwoGrades;SR001245;P1-1010;0.300000
TwoGrades;SR001245;P1-1030;8.100000
TwoGrades;SR001245;P1-2020;8.600000
TwoGrades;SR001245;P1-2060;0.300000
TwoGrades;SR001245;P1-3040;0.300000
TwoGrades;SR001248;P1-1010;8.600000
TwoGrades;SR001248;P1-3060;0.500000
TwoGrades;SR001248;P1-4050;6.800000
TwoGrades;SR001248;P1-5030;3.400000
TwoGrades;SR001248;P1-6010;9.300000
TwoGrades;SR001248;P1-9115;8.600000
TwoGrades;SR001248;P1-9130;1.000000
TwoGrades;SR001253;P1-2060;0.300000
TwoGrades;SR001253;P1-3050;6.800000
TwoGrades;SR001254;P1-4020;6.800000
TwoGrades;SR001255;P1-2050;1.800000
TwoGrades;SR001268;P1-2020;7.500000
TwoGrades;SR001269;P1-2020;0.300000
TwoGrades;SR001270;P1-3030;1.100000
TwoGrades;SR001277;P1-1010;6.800000
TwoGrades;SR001277;P1-1020;8.600000
TwoGrades;SR001277;P1-1050;0.300000
TwoGrades;SR001277;P1-2060;8.600000
TwoGrades;SR001278;P1-1050;8.600000
TwoGrades;SR001278;P1-1060;2.400000
TwoGrades;SR001278;P1-3020;6.800000
TwoGrades;SR001278;P1-6320;1.800000
TwoGrades;SR001282;P1-1020;8.600000
TwoGrades;SR001282;P1-2060;0.300000
TwoGrades;SR001282;P1-3020;0.300000
TwoGrades;SR001282;P1-4020;3.400000
TwoGrades;SR001282;P1-9170;1.100000
TwoGrades;SR001282;P1-9340;8.600000
TwoGrades;SR001283;P1-1030;0.400000
TwoGrades;SR001283;P1-3050;3.400000
TwoGrades;SR001287;P1-2060;0.300000
TwoGrades;SR001287;P1-3040;7.500000
TwoGrades;SR001287;P1-3040;3.400000
TwoGrades;SR001287;P1-3050;0.300000
TwoGrades;SR001287;P1-3050;1.100000
TwoGrades;SR001289;P1-3020;8.600000
TwoGrades;SR001290;P1-1060;0.700000
TwoGrades;SR001290;P1-5220;4.300000
UnknownCourse;P1-8010;26884
TwoGrades;SR001291;P1-4020;3.400000
TwoGrades;SR001292;P1-1010;0.300000
TwoGrades;SR001303;P1-1010;8.600000
TwoGrades;SR001303;P1-1020;3.400000
TwoGrades;SR001303;P1-1030;8.500000
TwoGrades;SR001303;P1-2020;7.500000
TwoGrades;SR001303;P1-2050;7.500000
TwoGrades;SR001304;P1-2010;0.300000
TwoGrades;SR001311;P1-5040;1.100000
TwoGrades;SR001311;P1-6020;4.100000
TwoGrades;SR001311;P1-9130;10.000000
TwoGrades;SR001312;P1-3040;0.800000
TwoGrades;SR001312;P1-4020;6.800000
TwoGrades;SR001312;P1-4050;4.700000
UnknownCourse;P1-8010;27191
TwoGrades;SR001315;P1-6010;3.400000
TwoGrades;SR001316;P1-5010;1.100000
TwoGrades;SR001316;P1-9350;5.100000
TwoGrades;SR001319;P1-1060;0.300000
TwoGrades;SR001319;P1-2050;7.500000
TwoGrades;SR001320;P1-1020;3.400000
TwoGrades;SR001320;P1-2030;7.500000
TwoGrades;SR001320;P1-2030;7.500000
TwoGrades;SR001320;P1-2030;7.500000
TwoGrades;SR001320;P1-3020;8.600000
TwoGrades;SR001323;P1-3060;0.500000
TwoGrades;SR001325;P1-5040;6.800000
TwoGrades;SR001325;P1-6010;9.200000
TwoGrades;SR001325;P1-9310;0.300000
TwoGrades;SR001326;P1-2020;0.300000
TwoGrades;SR001327;P1-1030;1.800000
TwoGrades;SR001327;P1-2010;0.300000
TwoGrades;SR001327;P1-3040;0.300000
TwoGrades;SR001332;P1-1010;6.800000
TwoGrades;SR001332;P1-4020;6.800000
TwoGrades;SR001335;P1-1010;10.000000
TwoGrades;SR001335;P1-1020;10.000000
TwoGrades;SR001335;P1-1030;5.400000
TwoGrades;SR001335;P1-1050;7.500000
TwoGrades;SR001335;P1-2010;6.800000
TwoGrades;SR001335;P1-2060;8.600000
TwoGrades;SR001338;P1-1050;8.600000
TwoGrades;SR001338;P1-3010;1.100000
TwoGrades;SR001338;P1-5020;3.100000
TwoGrades;SR001338;P1-5040;3.400000
TwoGrades;SR001339;P1-1030;4.100000
TwoGrades;SR001339;P1-1050;1.100000
TwoGrades;SR001340;P1-1020;6.800000
TwoGrades;SR001340;P1-1030;5.400000
TwoGrades;SR001341;P1-1030;9.300000
TwoGrades;SR001341;P1-2010;0.300000
TwoGrades;SR001341;P1-2020;8.600000
TwoGrades;SR001341;P1-2060;8.600000
TwoGrades;SR001343;P1-2020;7.500000
TwoGrades;SR001343;P1-3040;4.000000
TwoGrades;SR001345;P1-3040;1.600000
TwoGrades;SR001345;P1-4040;1.600000
TwoGrades;SR001345;P1-5320;5.600000
TwoGrades;SR001345;P1-6010;1.100000
TwoGrades;SR001345;P1-9315;3.400000
TwoGrades;SR001349;P1-3020;7.500000
TwoGrades;SR001349;P1-3030;8.600000
TwoGrades;SR001349;P1-3040;4.000000
TwoGrades;SR001349;P1-4050;8.600000
TwoGrades;SR001350;P1-1030;1.200000
TwoGrades;SR001350;P1-2020;8.600000
TwoGrades;SR001350;P1-2050;1.800000
TwoGrades;SR001350;P1-3040;3.400000
TwoGrades;SR001350;P1-3060;1.200000
TwoGrades;SR001350;P1-4020;8.600000
TwoGrades;SR001351;P1-6010;6.100000
TwoGrades;SR001354;P1-1060;9.400000
TwoGrades;SR001354;P1-1060;3.400000
TwoGrades;SR001354;P1-2020;8.600000
TwoGrades;SR001354;P1-2050;7.500000
TwoGrades;SR001354;P1-2060;1.800000
TwoGrades;SR001354;P1-3040;0.700000
TwoGrades;SR001354;P1-3050;0.700000
TwoGrades;SR001354;P1-3060;4.700000
TwoGrades;SR001355;P1-1010;8.600000
TwoGrades;SR001355;P1-1050;3.400000
TwoGrades;SR001355;P1-2060;6.800000
TwoGrades;SR001355;P1-3040;5.400000
TwoGrades;SR001355;P1-3050;6.800000
TwoGrades;SR001357;P1-5030;8.600000
TwoGrades;SR001357;P1-6020;8.600000
TwoGrades;SR001360;P1-1030;0.400000
TwoGrades;SR001360;P1-1050;8.600000
TwoGrades;SR001360;P1-1060;6.800000
TwoGrades;SR001364;P1-1010;8.600000
TwoGrades;SR001364;P1-1030;0.300000
TwoGrades;SR001364;P1-1050;7.500000
TwoGrades;SR001364;P1-1050;7.500000
TwoGrades;SR001364;P1-2010;3.400000
TwoGrades;SR001365;P1-1020;8.600000
TwoGrades;SR001365;P1-1060;6.500000
TwoGrades;SR001367;P1-6020;2.500000
TwoGrades;SR001367;P1-9350;1.000000
TwoGrades;SR001368;P1-1030;3.700000
TwoGrades;SR001368;P1-1050;7.500000
TwoGrades;SR001368;P1-1060;9.300000
TwoGrades;SR001375;P1-1030;9.200000
TwoGrades;SR001375;P1-3030;3.400000
TwoGrades;SR001378;P1-1050;6.800000
TwoGrades;SR001378;P1-2010;3.400000
TwoGrades;SR001381;P1-1060;4.200000
TwoGrades;SR001381;P1-5040;1.100000
TwoGrades;SR001381;P1-9025;1.100000
TwoGrades;SR001383;P1-3040;3.400000
TwoGrades;SR001383;P1-3050;1.100000
TwoGrades;SR001383;P1-4030;3.400000
TwoGrades;SR001385;P1-1050;0.300000
TwoGrades;SR001385;P1-1050;0.300000
TwoGrades;SR001385;P1-3050;8.600000
TwoGrades;SR001386;P1-1030;4.700000
TwoGrades;SR001386;P1-3060;0.000000
TwoGrades;SR001390;P1-3010;10.000000
TwoGrades;SR001390;P1-4020;8.600000
TwoGrades;SR001390;P1-6010;6.100000
TwoGrades;SR001390;P1-9350;0.300000
TwoGrades;SR001394;P1-1030;9.300000
TwoGrades;SR001394;P1-2060;6.800000
TwoGrades;SR001395;P1-4040;7.500000
TwoGrades;SR001399;P1-1010;8.600000
TwoGrades;SR001399;P1-1020;0.300000
TwoGrades;SR001399;P1-2060;1.100000
TwoGrades;SR001402;P1-6010;5.400000
TwoGrades;SR001404;P1-2060;3.400000
TwoGrades;SR001404;P1-5110;9.200000
TwoGrades;SR001404;P1-6310;8.600000
TwoGrades;SR001408;P1-1020;6.800000
TwoGrades;SR001408;P1-3050;8.600000
TwoGrades;SR001412;P1-1030;6.800000
TwoGrades;SR001412;P1-2020;0.300000
TwoGrades;SR001412;P1-2060;6.800000
TwoGrades;SR001420;P1-5040;1.100000
TwoGrades;SR001420;P1-9350;0.500000
TwoGrades;SR001422;P1-4050;8.600000
TwoGrades;SR001422;P1-5020;4.700000
TwoGrades;SR001426;P1-1060;5.600000
TwoGrades;SR001426;P1-2050;0.300000
TwoGrades;SR001426;P1-5030;6.800000
TwoGrades;SR001427;P1-1010;0.300000
TwoGrades;SR001427;P1-4050;6.800000
TwoGrades;SR001427;P1-5020;2.900000
TwoGrades;SR001427;P1-6010;4.900000
TwoGrades;SR001432;P1-2050;1.100000
TwoGrades;SR001435;P1-3060;3.600000
TwoGrades;SR001435;P1-4010;3.400000
TwoGrades;SR001435;P1-4030;3.400000
TwoGrades;SR001442;P1-2060;6.800000
TwoGrades;SR001445;P1-1060;4.200000
TwoGrades;SR001445;P1-3020;3.500000
TwoGrades;SR001445;P1-3040;9.400000
TwoGrades;SR001445;P1-4030;3.400000
TwoGrades;SR001445;P1-5010;7.600000
TwoGrades;SR001445;P1-5120;8.600000
TwoGrades;SR001456;P1-1020;6.800000
TwoGrades;SR001463;P1-1010;8.600000
TwoGrades;SR001463;P1-1020;10.000000
TwoGrades;SR001463;P1-1050;8.600000
TwoGrades;SR001463;P1-1060;3.400000
TwoGrades;SR001463;P1-2010;6.800000
TwoGrades;SR001463;P1-2020;10.000000
TwoGrades;SR001463;P1-2050;8.600000
TwoGrades;SR001463;P1-2060;0.300000
TwoGrades;SR001470;P1-1010;7.500000
TwoGrades;SR001470;P1-1020;0.300000
TwoGrades;SR001470;P1-1030;8.600000
TwoGrades;SR001470;P1-1050;6.800000
TwoGrades;SR001470;P1-1060;9.300000
TwoGrades;SR001471;P1-3040;1.100000
TwoGrades;SR001471;P1-3050;8.600000
TwoGrades;SR001471;P1-4020;6.800000
TwoGrades;SR001471;P1-4030;3.400000
TwoGrades;SR001472;P1-3010;0.300000
TwoGrades;SR001472;P1-3010;5.600000
TwoGrades;SR001476;P1-1010;7.500000
TwoGrades;SR001476;P1-2020;8.600000
TwoGrades;SR001476;P1-5020;3.900000
TwoGrades;SR001479;P1-1020;8.600000
TwoGrades;SR001479;P1-1030;9.700000
TwoGrades;SR001479;P1-2010;8.600000
TwoGrades;SR001479;P1-4040;0.400000
TwoGrades;SR001483;P1-4050;8.600000
TwoGrades;SR001483;P1-5020;0.400000
TwoGrades;SR001483;P1-5020;7.000000
TwoGrades;SR001483;P1-5040;0.200000
TwoGrades;SR001483;P1-9150;4.700000
TwoGrades;SR001485;P1-3050;3.400000
TwoGrades;SR001493;P1-1030;8.600000
TwoGrades;SR001493;P1-2060;0.300000
TwoGrades;SR001493;P1-3050;6.800000
TwoGrades;SR001493;P1-4030;3.400000
TwoGrades;SR001494;P1-2060;6.800000
TwoGrades;SR001494;P1-3040;6.800000
TwoGrades;SR001494;P1-3050;1.100000
TwoGrades;SR001494;P1-4020;0.300000
TwoGrades;SR001495;P1-1010;8.600000
TwoGrades;SR001495;P1-1020;6.800000
TwoGrades;SR001495;P1-1050;8.600000
TwoGrades;SR001495;P1-1060;6.800000
TwoGrades;SR001495;P1-2050;1.800000
TwoGrades;SR001495;P1-2060;6.800000
TwoGrades;SR001498;P1-3010;3.500000
TwoGrades;SR001502;P1-1050;0.300000
TwoGrades;SR001502;P1-1050;0.300000
TwoGrades;SR001502;P1-2010;6.800000
TwoGrades;SR001502;P1-2060;0.300000
TwoGrades;SR001503;P1-1010;0.300000
TwoGrades;SR001503;P1-1020;6.800000
TwoGrades;SR001505;P1-3020;7.500000
UnknownCourse;P1-8020;31046
TwoGrades;SR001513;P1-1060;4.200000
TwoGrades;SR001513;P1-1060;3.500000
TwoGrades;SR001513;P1-2060;0.300000
TwoGrades;SR001513;P1-3020;8.600000
TwoGrades;SR001513;P1-5010;4.700000
TwoGrades;SR001513;P1-5030;8.600000
TwoGrades;SR001513;P1-5030;8.100000
TwoGrades;SR001513;P1-5040;1.100000
TwoGrades;SR001513;P1-5120;0.300000
TwoGrades;SR001513;P1-5120;0.300000
TwoGrades;SR001513;P1-6020;2.300000
TwoGrades;SR001513;P1-9030;4.700000
TwoGrades;SR001513;P1-9135;1.800000
TwoGrades;SR001518;P1-1030;1.600000
TwoGrades;SR001521;P1-1030;6.800000
TwoGrades;SR001521;P1-2010;8.600000
TwoGrades;SR001523;P1-1020;3.400000
TwoGrades;SR001523;P1-2010;6.800000
TwoGrades;SR001523;P1-2050;1.800000
TwoGrades;SR001523;P1-2060;8.600000
TwoGrades;SR001526;P1-1010;8.600000
TwoGrades;SR001528;P1-1060;0.700000
TwoGrades;SR001528;P1-3010;1.800000
TwoGrades;SR001528;P1-5040;7.500000
TwoGrades;SR001528;P1-5120;8.600000
TwoGrades;SR001528;P1-5120;9.300000
TwoGrades;SR001528;P1-6010;9.600000
TwoGrades;SR001528;P1-6020;7.700000
TwoGrades;SR001528;P1-9030;7.600000
TwoGrades;SR001528;P1-9135;0.300000
TwoGrades;SR001529;P1-6020;4.600000
TwoGrades;SR001529;P1-9325;6.800000
TwoGrades;SR001531;P1-6020;0.400000
TwoGrades;SR001535;P1-2020;6.800000
TwoGrades;SR001535;P1-5040;6.800000
TwoGrades;SR001536;P1-1060;4.100000
TwoGrades;SR001536;P1-3010;0.300000
TwoGrades;SR001536;P1-3020;3.400000
TwoGrades;SR001536;P1-3020;6.800000
TwoGrades;SR001536;P1-4040;7.500000
TwoGrades;SR001536;P1-4040;7.500000
TwoGrades;SR001536;P1-5030;2.000000
TwoGrades;SR001536;P1-9135;8.600000
TwoGrades;SR001536;P1-9350;8.600000
TwoGrades;SR001540;P1-3040;8.600000
TwoGrades;SR001540;P1-3040;5.100000
TwoGrades;SR001540;P1-4050;1.100000
TwoGrades;SR001540;P1-5030;8.600000
TwoGrades;SR001541;P1-1020;6.800000
TwoGrades;SR001541;P1-1050;3.400000
TwoGrades;SR001541;P1-1060;7.500000
TwoGrades;SR001541;P1-2060;6.800000
TwoGrades;SR001549;P1-1020;0.300000
TwoGrades;SR001549;P1-1060;6.800000
TwoGrades;SR001549;P1-2010;0.300000
TwoGrades;SR001549;P1-2020;8.600000
TwoGrades;SR001552;P1-2020;8.600000
TwoGrades;SR001552;P1-4020;6.800000
TwoGrades;SR001552;P1-9315;3.400000
TwoGrades;SR001552;P1-9340;0.300000
TwoGrades;SR001553;P1-2010;8.600000
TwoGrades;SR001553;P1-2010;8.600000
TwoGrades;SR001553;P1-3040;5.100000
TwoGrades;SR001556;P1-3010;8.600000
TwoGrades;SR001556;P1-3010;4.700000
TwoGrades;SR001556;P1-4020;6.800000
TwoGrades;SR001557;P1-3020;6.200000
TwoGrades;SR001558;P1-1030;7.600000
TwoGrades;SR001558;P1-1060;9.700000
TwoGrades;SR001558;P1-2060;6.800000
TwoGrades;SR001558;P1-4050;6.800000
TwoGrades;SR001559;P1-1030;8.300000
TwoGrades;SR001559;P1-1050;0.300000
TwoGrades;SR001559;P1-1050;0.300000
TwoGrades;SR001559;P1-1060;6.800000
TwoGrades;SR001560;P1-1060;3.500000
TwoGrades;SR001560;P1-3010;10.000000
TwoGrades;SR001560;P1-3050;3.400000
TwoGrades;SR001560;P1-4020;3.400000
TwoGrades;SR001567;P1-1020;0.300000
TwoGrades;SR001567;P1-1030;7.600000
TwoGrades;SR001570;P1-4030;6.800000
TwoGrades;SR001570;P1-6010;1.800000
TwoGrades;SR001571;P1-1010;10.000000
TwoGrades;SR001571;P1-1010;7.500000
TwoGrades;SR001576;P1-3020;1.800000
TwoGrades;SR001576;P1-3040;8.500000
TwoGrades;SR001576;P1-3050;1.800000
TwoGrades;SR001576;P1-4050;6.800000
TwoGrades;SR001581;P1-2050;6.800000
TwoGrades;SR001581;P1-3010;8.600000
TwoGrades;SR001581;P1-3050;6.800000
TwoGrades;SR001581;P1-4020;8.600000
TwoGrades;SR001587;P1-1050;8.600000
TwoGrades;SR001587;P1-3040;1.600000
TwoGrades;SR001587;P1-3050;8.600000
TwoGrades;SR001587;P1-4020;6.800000
TwoGrades;SR001587;P1-4050;6.800000
TwoGrades;SR001588;P1-2020;8.600000
TwoGrades;SR001588;P1-2060;0.300000
TwoGrades;SR001589;P1-2020;8.600000
TwoGrades;SR001589;P1-3010;5.600000
TwoGrades;SR001594;P1-2060;1.100000
TwoGrades;SR001594;P1-9145;5.800000
TwoGrades;SR001595;P1-1030;6.800000
TwoGrades;SR001596;P1-2060;1.100000
TwoGrades;SR001603;P1-3010;1.100000
TwoGrades;SR001603;P1-3040;9.300000
TwoGrades;SR001603;P1-5010;0.800000
TwoGrades;SR001603;P1-5040;1.800000
TwoGrades;SR001603;P1-6010;0.300000
TwoGrades;SR001606;P1-3050;3.400000
TwoGrades;SR001606;P1-3050;3.400000
TwoGrades;SR001610;P1-1030;0.500000
TwoGrades;SR001610;P1-3020;3.400000
TwoGrades;SR001610;P1-3040;9.600000
TwoGrades;SR001610;P1-3060;4.700000
TwoGrades;SR001610;P1-4040;6.800000
TwoGrades;SR001610;P1-4040;6.800000
TwoGrades;SR001612;P1-4020;3.400000
TwoGrades;SR001612;P1-6010;4.100000
TwoGrades;SR001617;P1-1050;0.300000
TwoGrades;SR001617;P1-3050;8.600000
TwoGrades;SR001617;P1-3050;3.400000
TwoGrades;SR001617;P1-4030;1.100000
TwoGrades;SR001617;P1-5010;7.600000
TwoGrades;SR001617;P1-5020;6.200000
TwoGrades;SR001617;P1-5020;6.200000
TwoGrades;SR001617;P1-9160;8.600000
TwoGrades;SR001621;P1-4050;6.800000
TwoGrades;SR001621;P1-5010;3.300000
TwoGrades;SR001621;P1-5020;4.900000
TwoGrades;SR001621;P1-6010;4.900000
TwoGrades;SR001622;P1-3010;0.300000
TwoGrades;SR001622;P1-3040;3.400000
TwoGrades;SR001622;P1-4050;3.400000
TwoGrades;SR001622;P1-5030;8.600000
TwoGrades;SR001622;P1-5040;8.600000
TwoGrades;SR001623;P1-6010;3.700000
TwoGrades;SR001624;P1-1060;10.000000
TwoGrades;SR001624;P1-1060;5.400000
TwoGrades;SR001624;P1-4020;8.600000
TwoGrades;SR001624;P1-9170;4.700000
TwoGrades;SR001628;P1-5120;1.100000
TwoGrades;SR001629;P1-3030;6.900000
TwoGrades;SR001629;P1-3030;6.900000
TwoGrades;SR001629;P1-9255;9.600000
TwoGrades;SR001638;P1-1060;9.300000
TwoGrades;SR001638;P1-1060;5.100000
TwoGrades;SR001638;P1-3020;8.600000
TwoGrades;SR001639;P1-1010;6.800000
TwoGrades;SR001642;P1-4050;3.400000
TwoGrades;SR001642;P1-9130;9.000000
TwoGrades;SR001642;P1-9250;8.600000
TwoGrades;SR001642;P1-9350;6.800000
TwoGrades;SR001643;P1-1020;7.600000
TwoGrades;SR001643;P1-1060;6.100000
TwoGrades;SR001645;P1-2060;0.300000
TwoGrades;SR001645;P1-3040;1.800000
TwoGrades;SR001645;P1-3040;0.300000
TwoGrades;SR001646;P1-5110;3.300000
TwoGrades;SR001647;P1-4020;8.600000
TwoGrades;SR001647;P1-4030;3.400000
TwoGrades;SR001647;P1-6010;2.500000
UnknownCourse;P1-8020;34322
TwoGrades;SR001652;P1-3040;9.300000
TwoGrades;SR001663;P1-4050;8.600000
TwoGrades;SR001663;P1-6010;1.000000
TwoGrades;SR001667;P1-1010;6.800000
TwoGrades;SR001667;P1-2020;0.300000
TwoGrades;SR001667;P1-3010;1.800000
TwoGrades;SR001667;P1-6010;9.400000
TwoGrades;SR001667;P1-9310;6.800000
TwoGrades;SR001683;P1-5030;4.300000
TwoGrades;SR001683;P1-6020;9.300000
TwoGrades;SR001686;P1-1010;6.800000
TwoGrades;SR001686;P1-5040;8.600000
TwoGrades;SR001686;P1-9250;6.800000
TwoGrades;SR001686;P1-9350;8.600000
TwoGrades;SR001687;P1-1010;7.500000
TwoGrades;SR001688;P1-1050;3.400000
TwoGrades;SR001688;P1-2010;3.400000
TwoGrades;SR001688;P1-2060;0.300000
TwoGrades;SR001689;P1-1030;2.400000
TwoGrades;SR001689;P1-1060;8.600000
TwoGrades;SR001690;P1-1010;7.600000
TwoGrades;SR001690;P1-3010;1.800000
TwoGrades;SR001690;P1-3010;1.800000
TwoGrades;SR001690;P1-5020;8.200000
TwoGrades;SR001693;P1-9010;3.400000
TwoGrades;SR001695;P1-1030;3.400000
TwoGrades;SR001695;P1-1050;0.300000
TwoGrades;SR001695;P1-2010;3.400000
TwoGrades;SR001695;P1-2020;10.000000
TwoGrades;SR001695;P1-2060;6.800000
TwoGrades;SR001699;P1-1010;4.700000
TwoGrades;SR001699;P1-3040;6.800000
TwoGrades;SR001699;P1-3050;3.400000
TwoGrades;SR001699;P1-5040;3.400000
TwoGrades;SR001712;P1-1010;0.300000
TwoGrades;SR001712;P1-1030;8.600000
TwoGrades;SR001714;P1-1010;6.800000
TwoGrades;SR001714;P1-1030;2.500000
TwoGrades;SR001714;P1-1050;0.300000
TwoGrades;SR001714;P1-2010;8.600000
TwoGrades;SR001716;P1-2050;0.300000
TwoGrades;SR001716;P1-5030;2.500000
TwoGrades;SR001716;P1-5030;8.100000
TwoGrades;SR001716;P1-5110;2.300000
TwoGrades;SR001716;P1-6020;5.400000
TwoGrades;SR001716;P1-9030;7.600000
TwoGrades;SR001717;P1-3010;6.100000
TwoGrades;SR001717;P1-5030;6.800000
TwoGrades;SR001719;P1-3040;9.400000
TwoGrades;SR001719;P1-3050;8.600000
TwoGrades;SR001723;P1-2060;3.400000
TwoGrades;SR001723;P1-6010;8.100000
TwoGrades;SR001723;P1-9310;3.400000
TwoGrades;SR001724;P1-3010;8.600000
TwoGrades;SR001726;P1-2030;10.000000
TwoGrades;SR001726;P1-2030;10.000000
TwoGrades;SR001726;P1-2030;10.000000
TwoGrades;SR001726;P1-4020;3.400000
TwoGrades;SR001728;P1-1020;0.300000
TwoGrades;SR001729;P1-3040;8.600000
TwoGrades;SR001729;P1-5120;3.500000
TwoGrades;SR001729;P1-6310;6.800000
TwoGrades;SR001729;P1-9115;0.300000
TwoGrades;SR001732;P1-1060;7.500000
TwoGrades;SR001733;P1-2010;7.100000
TwoGrades;SR001734;P1-1010;6.800000
TwoGrades;SR001734;P1-3050;3.400000
TwoGrades;SR001739;P1-1010;8.600000
TwoGrades;SR001739;P1-2020;8.600000
TwoGrades;SR001739;P1-3060;4.700000
TwoGrades;SR001739;P1-4020;6.800000
TwoGrades;SR001739;P1-4030;6.800000
TwoGrades;SR001739;P1-5040;8.600000
TwoGrades;SR001743;P1-2010;6.900000
TwoGrades;SR001745;P1-1030;0.500000
TwoGrades;SR001745;P1-3040;0.400000
TwoGrades;SR001750;P1-1060;3.700000
TwoGrades;SR001750;P1-5010;0.800000
TwoGrades;SR001750;P1-5010;6.600000
TwoGrades;SR001750;P1-5020;3.300000
TwoGrades;SR001750;P1-5110;8.500000
TwoGrades;SR001750;P1-9115;8.600000
TwoGrades;SR001753;P1-3010;3.500000
TwoGrades;SR001753;P1-4020;8.600000
TwoGrades;SR001756;P1-4050;0.700000
TwoGrades;SR001756;P1-5030;4.000000
TwoGrades;SR001756;P1-6010;4.100000
TwoGrades;SR001756;P1-6020;2.300000
TwoGrades;SR001756;P1-6020;4.700000
TwoGrades;SR001756;P1-6120;1.100000
TwoGrades;SR001757;P1-1060;3.500000
TwoGrades;SR001757;P1-2010;8.600000
TwoGrades;SR001758;P1-3020;7.600000
TwoGrades;SR001764;P1-3010;1.100000
TwoGrades;SR001765;P1-5110;8.600000
TwoGrades;SR001765;P1-9350;0.000000
TwoGrades;SR001768;P1-1020;8.600000
TwoGrades;SR001768;P1-1030;0.400000
TwoGrades;SR001768;P1-1050;8.600000
TwoGrades;SR001768;P1-2020;7.500000
TwoGrades;SR001768;P1-2060;8.600000
TwoGrades;SR001768;P1-3060;0.200000
TwoGrades;SR001768;P1-4040;6.800000
TwoGrades;SR001768;P1-4040;6.800000
TwoGrades;SR001768;P1-4050;3.400000
TwoGrades;SR001770;P1-5030;5.400000
TwoGrades;SR001770;P1-5110;0.300000
TwoGrades;SR001771;P1-1030;6.200000
TwoGrades;SR001772;P1-1030;7.500000
TwoGrades;SR001774;P1-1030;4.700000
TwoGrades;SR001774;P1-9170;8.600000
TwoGrades;SR001775;P1-5030;4.700000
TwoGrades;SR001775;P1-6020;8.300000
UnknownCourse;P1-8010;37350
UnknownCourse;P1-8020;37351
UnknownCourse;P1-8020;37352
TwoGrades;SR001776;P1-2020;8.600000
TwoGrades;SR001776;P1-2050;7.500000
TwoGrades;SR001778;P1-1030;1.800000
TwoGrades;SR001778;P1-1060;0.300000
TwoGrades;SR001778;P1-2010;7.500000
TwoGrades;SR001778;P1-3040;7.500000
TwoGrades;SR001779;P1-3040;1.600000
TwoGrades;SR001779;P1-5120;7.500000
TwoGrades;SR001780;P1-1020;7.600000
TwoGrades;SR001780;P1-6010;3.900000
TwoGrades;SR001780;P1-6020;0.300000
TwoGrades;SR001780;P1-9315;7.500000
TwoGrades;SR001780;P1-9350;0.500000
TwoGrades;SR001781;P1-1020;8.600000
TwoGrades;SR001781;P1-3040;5.400000
TwoGrades;SR001781;P1-3060;4.700000
TwoGrades;SR001781;P1-4050;8.600000
TwoGrades;SR001784;P1-3040;5.100000
TwoGrades;SR001789;P1-1030;1.000000
TwoGrades;SR001789;P1-1050;8.600000
TwoGrades;SR001790;P1-1010;8.600000
TwoGrades;SR001796;P1-1010;8.600000
TwoGrades;SR001796;P1-2020;0.300000
TwoGrades;SR001796;P1-3010;8.500000
TwoGrades;SR001802;P1-3040;4.900000
TwoGrades;SR001803;P1-5030;6.800000
TwoGrades;SR001805;P1-1060;0.300000
TwoGrades;SR001805;P1-4030;7.500000
TwoGrades;SR001807;P1-4010;8.600000
TwoGrades;SR001807;P1-4010;8.600000
TwoGrades;SR001807;P1-4010;8.600000
TwoGrades;SR001807;P1-4010;8.600000
TwoGrades;SR001818;P1-1010;8.600000
TwoGrades;SR001818;P1-1020;6.800000
TwoGrades;SR001818;P1-3010;7.500000
TwoGrades;SR001818;P1-3020;7.500000
TwoGrades;SR001818;P1-3040;8.600000
TwoGrades;SR001818;P1-3050;6.800000
TwoGrades;SR001819;P1-3040;3.300000
TwoGrades;SR001819;P1-3050;6.800000
TwoGrades;SR001819;P1-5010;3.300000
TwoGrades;SR001819;P1-5030;1.100000
TwoGrades;SR001819;P1-5040;7.500000
TwoGrades;SR001820;P1-2010;1.100000
TwoGrades;SR001820;P1-2020;6.800000
TwoGrades;SR001820;P1-3050;6.800000
TwoGrades;SR001825;P1-1060;0.400000
TwoGrades;SR001825;P1-1060;0.500000
TwoGrades;SR001825;P1-4040;4.700000
TwoGrades;SR001825;P1-6020;3.300000
TwoGrades;SR001825;P1-9340;0.300000
TwoGrades;SR001826;P1-1030;1.100000
TwoGrades;SR001826;P1-1060;3.400000
TwoGrades;SR001830;P1-4040;6.800000
TwoGrades;SR001830;P1-4040;6.800000
TwoGrades;SR001830;P1-5020;6.500000
TwoGrades;SR001830;P1-6310;4.300000
TwoGrades;SR001834;P1-1010;0.300000
TwoGrades;SR001834;P1-2020;8.600000
TwoGrades;SR001834;P1-4020;1.100000
TwoGrades;SR001837;P1-1010;6.800000
TwoGrades;SR001837;P1-4020;3.400000
TwoGrades;SR001840;P1-2060;0.300000
TwoGrades;SR001840;P1-3020;8.600000
TwoGrades;SR001840;P1-5010;5.100000
TwoGrades;SR001843;P1-1030;1.000000
TwoGrades;SR001843;P1-1050;8.600000
TwoGrades;SR001843;P1-1060;6.800000
TwoGrades;SR001844;P1-1050;8.600000
TwoGrades;SR001844;P1-1050;8.600000
TwoGrades;SR001845;P1-2010;1.800000
TwoGrades;SR001846;P1-1050;3.400000
TwoGrades;SR001846;P1-2020;8.600000
TwoGrades;SR001854;P1-1010;7.500000
TwoGrades;SR001854;P1-1020;6.800000
TwoGrades;SR001854;P1-1030;8.600000
TwoGrades;SR001854;P1-1060;2.900000
TwoGrades;SR001854;P1-2010;7.500000
TwoGrades;SR001854;P1-2020;8.600000
TwoGrades;SR001854;P1-2050;8.600000
TwoGrades;SR001854;P1-2060;0.300000
TwoGrades;SR001857;P1-1060;6.800000
TwoGrades;SR001857;P1-5030;2.100000
TwoGrades;SR001857;P1-6010;3.700000
TwoGrades;SR001857;P1-6020;0.400000
TwoGrades;SR001857;P1-6110;4.700000
TwoGrades;SR001857;P1-9135;1.600000
TwoGrades;SR001860;P1-3020;3.600000
TwoGrades;SR001861;P1-9150;6.800000
TwoGrades;SR001861;P1-9150;4.700000
TwoGrades;SR001867;P1-1010;0.300000
TwoGrades;SR001867;P1-2060;8.600000
TwoGrades;SR001867;P1-5030;0.300000
TwoGrades;SR001868;P1-1010;6.800000
TwoGrades;SR001868;P1-1020;8.600000
TwoGrades;SR001868;P1-1050;3.400000
TwoGrades;SR001869;P1-3020;4.700000
TwoGrades;SR001870;P1-6020;9.700000
TwoGrades;SR001871;P1-1020;8.600000
TwoGrades;SR001871;P1-1050;6.800000
TwoGrades;SR001874;P1-1010;6.800000
TwoGrades;SR001874;P1-4010;10.000000
TwoGrades;SR001874;P1-4010;10.000000
TwoGrades;SR001874;P1-4010;10.000000
TwoGrades;SR001874;P1-4010;10.000000
TwoGrades;SR001874;P1-4050;6.800000
TwoGrades;SR001874;P1-5020;9.700000
TwoGrades;SR001874;P1-5020;5.100000
TwoGrades;SR001878;P1-2050;7.500000
TwoGrades;SR001878;P1-5110;7.500000
TwoGrades;SR001881;P1-1020;6.800000
TwoGrades;SR001883;P1-1030;5.100000
TwoGrades;SR001887;P1-4010;4.700000
TwoGrades;SR001887;P1-4010;4.700000
TwoGrades;SR001887;P1-4010;4.700000
TwoGrades;SR001887;P1-4010;4.700000
TwoGrades;SR001887;P1-5020;6.100000
TwoGrades;SR001890;P1-2020;0.300000
TwoGrades;SR001892;P1-1010;0.300000
TwoGrades;SR001892;P1-1020;8.600000
TwoGrades;SR001892;P1-1030;6.800000
TwoGrades;SR001892;P1-1050;8.600000
TwoGrades;SR001899;P1-3060;4.700000
TwoGrades;SR001899;P1-5040;3.400000
TwoGrades;SR001899;P1-9350;7.600000
TwoGrades;SR001901;P1-5030;6.800000
TwoGrades;SR001901;P1-5040;0.300000
TwoGrades;SR001904;P1-2020;0.300000
UnknownCourse;P1-8010;40049
TwoGrades;SR001909;P1-6020;0.400000
TwoGrades;SR001920;P1-2010;1.100000
TwoGrades;SR001920;P1-2020;8.600000
TwoGrades;SR001920;P1-3040;9.400000
TwoGrades;SR001920;P1-3050;0.300000
TwoGrades;SR001920;P1-4010;8.600000
TwoGrades;SR001920;P1-4010;8.600000
TwoGrades;SR001920;P1-4010;8.600000
TwoGrades;SR001920;P1-4010;8.600000
TwoGrades;SR001920;P1-4020;1.100000
TwoGrades;SR001925;P1-1020;8.600000
TwoGrades;SR001925;P1-1050;0.300000
TwoGrades;SR001925;P1-1050;0.300000
TwoGrades;SR001930;P1-5010;6.800000
TwoGrades;SR001933;P1-5110;8.800000
TwoGrades;SR001938;P1-6010;1.000000
TwoGrades;SR001938;P1-9310;3.400000
TwoGrades;SR001939;P1-3020;3.400000
TwoGrades;SR001939;P1-4040;6.800000
TwoGrades;SR001939;P1-4040;6.800000
TwoGrades;SR001939;P1-6010;5.400000
TwoGrades;SR001944;P1-5040;1.800000
TwoGrades;SR001946;P1-1010;8.600000
TwoGrades;SR001946;P1-1020;8.600000
TwoGrades;SR001946;P1-1060;2.900000
TwoGrades;SR001946;P1-2010;6.800000
TwoGrades;SR001947;P1-2020;8.600000
TwoGrades;SR001947;P1-6010;1.000000
UnknownAM;SR001950;40819
UnknownAM;SR001951;40820
UnknownAM;SR001951;40821
UnknownAM;SR001951;40822
UnknownAM;SR001952;40823
UnknownAM;SR001952;40824
UnknownAM;SR001952;40825
UnknownAM;SR001952;40826
UnknownAM;SR001952;40827
UnknownAM;SR001953;40828
UnknownAM;SR001954;40829
UnknownAM;SR001954;40830
UnknownAM;SR001954;40831
UnknownAM;SR001954;40832
UnknownAM;SR001954;40833
UnknownAM;SR001954;40834
UnknownAM;SR001954;40835
UnknownAM;SR001954;40836
UnknownAM;SR001954;40837
UnknownAM;SR001954;40838
UnknownAM;SR001954;40839
UnknownAM;SR001954;40840
UnknownAM;SR001954;40841
UnknownAM;SR001954;40842
UnknownAM;SR001954;40843
UnknownAM;SR001955;40844
UnknownAM;SR001955;40845
UnknownAM;SR001955;40846
UnknownAM;SR001955;40847
UnknownAM;SR001955;40848
UnknownAM;SR001955;40849
UnknownAM;SR001955;40850
UnknownAM;SR001955;40851
UnknownAM;SR001955;40852
UnknownAM;SR001955;40853
UnknownAM;SR001955;40854
UnknownAM;SR001955;40855
UnknownAM;SR001955;40856
UnknownAM;SR001956;40857
UnknownAM;SR001956;40858
UnknownAM;SR001956;40859
UnknownAM;SR001956;40860
UnknownAM;SR001956;40861
UnknownAM;SR001956;40862
UnknownAM;SR001956;40863
UnknownAM;SR001956;40864
UnknownAM;SR001956;40865
UnknownAM;SR001956;40866
UnknownAM;SR001956;40867
UnknownAM;SR001956;40868
UnknownAM;SR001956;40869
UnknownAM;SR001956;40870
UnknownAM;SR001956;40871
UnknownAM;SR001956;40872
UnknownAM;SR001957;40873
UnknownAM;SR001957;40874
UnknownAM;SR001957;40875
UnknownAM;SR001957;40876
UnknownAM;SR001957;40877
UnknownAM;SR001957;40878
UnknownAM;SR001957;40879
UnknownAM;SR001957;40880
UnknownAM;SR001957;40881
UnknownAM;SR001957;40882
UnknownAM;SR001957;40883
UnknownAM;SR001957;40884
UnknownAM;SR001958;40885
UnknownAM;SR001958;40886
UnknownAM;SR001958;40887
UnknownAM;SR001958;40888
UnknownAM;SR001958;40889
UnknownAM;SR001958;40890
UnknownAM;SR001958;40891
UnknownAM;SR001958;40892
UnknownAM;SR001958;40893
UnknownAM;SR001958;40894
UnknownAM;SR001958;40895
UnknownAM;SR001958;40896
UnknownAM;SR001958;40897
UnknownAM;SR001958;40898
UnknownAM;SR001958;40899
UnknownAM;SR001958;40900
UnknownAM;SR001958;40901
UnknownAM;SR001958;40902
UnknownAM;SR001958;40903
UnknownAM;SR001958;40904
UnknownAM;SR001958;40905
UnknownAM;SR001958;40906
UnknownAM;SR001959;40907
UnknownAM;SR001959;40908
UnknownAM;SR001959;40909
UnknownAM;SR001959;40910
UnknownAM;SR001959;40911
UnknownAM;SR001959;40912
UnknownAM;SR001959;40913
UnknownAM;SR001959;40914
UnknownAM;SR001960;40915
UnknownAM;SR001960;40916
UnknownAM;SR001960;40917
UnknownAM;SR001960;40918
UnknownAM;SR001960;40919
UnknownAM;SR001961;40920
UnknownAM;SR001961;40921
UnknownAM;SR001961;40922
UnknownAM;SR001961;40923
UnknownAM;SR001961;40924
UnknownAM;SR001962;40925
UnknownAM;SR001962;40926
UnknownAM;SR001962;40927
UnknownAM;SR001962;40928
UnknownAM;SR001963;40929
UnknownAM;SR001963;40930
UnknownAM;SR001963;40931
UnknownAM;SR001964;40932
UnknownAM;SR001964;40933
UnknownAM;SR001964;40934
UnknownAM;SR001964;40935
UnknownAM;SR001964;40936
UnknownAM;SR001964;40937
UnknownAM;SR001964;40938
UnknownAM;SR001964;40939
UnknownAM;SR001965;40940
UnknownAM;SR001965;40941
UnknownAM;SR001965;40942
UnknownAM;SR001965;40943
UnknownAM;SR001965;40944
UnknownAM;SR001965;40945
UnknownAM;SR001965;40946
UnknownAM;SR001966;40947
UnknownAM;SR001966;40948
UnknownAM;SR001966;40949
UnknownAM;SR001966;40950
UnknownAM;SR001966;40951
UnknownAM;SR001966;40952
UnknownAM;SR001966;40953
UnknownAM;SR001966;40954
